age,workclass,fnlwgt,education,education-num,marital-status,occupation,relationship,race,sex,capital-gain,capital-loss,hours-per-week,native-country,salary
30.0,5,0.09608249125876493,9,13.0,2,3,0,4,1,0.15024150241502415,0.0,0.3979591836734694,38,1
36.0,1,0.12109420492000855,12,14.0,2,3,0,4,1,0.0,0.048898071625344354,0.6020408163265306,38,1
30.0,4,0.12007789246181888,15,10.0,2,11,0,4,1,0.0,0.0,0.6020408163265306,38,1
47.0,2,0.15724202184563968,9,13.0,2,9,0,4,1,0.0,0.0,0.3469387755102041,38,1
22.0,2,0.15659810902236293,2,8.0,4,2,1,4,1,0.0,0.0,0.3979591836734694,38,0
17.0,2,0.07710297459286564,1,7.0,4,0,3,4,0,0.0,0.0,0.05102040816326531,38,0
21.0,2,0.06044655455857779,15,10.0,0,5,3,1,1,0.0,0.0,0.5,34,0
52.0,1,0.13018752691433724,12,14.0,2,9,0,4,1,0.0,0.0,0.3979591836734694,38,1
62.0,2,0.007463565773900609,11,9.0,2,0,0,0,1,0.0,0.0,0.4489795918367347,38,0
33.0,3,0.0754461347626257,8,11.0,4,7,4,4,1,0.0,0.3168044077134986,0.6020408163265306,38,0
62.0,0,0.07560592806051562,0,6.0,6,0,1,4,0,0.0,0.0,0.3979591836734694,38,0
52.0,2,0.11698765258228677,11,9.0,0,0,1,4,0,0.0,0.0,0.3979591836734694,38,0
17.0,2,0.08365449980635219,1,7.0,4,5,3,4,1,0.0,0.0,0.17346938775510204,28,0
40.0,2,0.23971770753493107,11,9.0,2,11,0,4,1,0.0,0.0,0.5,38,0
21.0,2,0.10163327708970363,15,10.0,4,7,1,4,1,0.0,0.0,0.19387755102040816,38,0
52.0,3,0.1430495332139849,11,9.0,2,3,0,4,1,0.0,0.4366391184573003,0.6020408163265306,38,1
41.0,2,0.15861516086310049,11,9.0,2,11,0,4,1,0.0,0.0,0.3979591836734694,38,0
59.0,2,0.07341012439501987,9,13.0,2,11,0,4,1,0.0,0.0,0.5510204081632653,38,0
53.0,1,0.17526277872419949,2,8.0,0,2,4,4,1,0.0,0.0,0.6020408163265306,28,0
26.0,2,0.10346548329347528,8,11.0,2,11,0,4,1,0.03908039080390804,0.0,0.3979591836734694,38,0
55.0,2,0.12658743808009706,15,10.0,2,3,0,4,1,0.0,0.0,0.5,38,0
62.0,4,0.16825895722685502,15,10.0,2,3,0,4,1,0.0,0.0,0.46938775510204084,38,1
56.0,1,0.40283416434876107,11,9.0,2,9,5,4,0,0.0,0.0,0.3469387755102041,25,0
44.0,3,0.014065872755784381,11,9.0,5,0,1,4,1,0.0,0.0,0.3469387755102041,38,0
43.0,1,0.035244578538405916,10,16.0,4,9,1,3,0,1.0,0.0,0.7040816326530612,38,1
47.0,2,0.20170721534449,11,9.0,6,0,1,4,1,0.0,0.0,0.3979591836734694,38,0
50.0,1,0.04581328017723514,10,16.0,2,3,0,4,1,0.0,0.0,0.5510204081632653,38,1
26.0,2,0.11553055437440923,9,13.0,2,12,0,4,1,0.045080450804508045,0.0,0.3979591836734694,38,0
32.0,2,0.0946985187973794,15,10.0,2,11,0,4,1,0.04064040640406404,0.0,0.3979591836734694,38,0
37.0,2,0.16853927258840767,11,9.0,2,6,5,4,0,0.0,0.0,0.3979591836734694,38,0
26.0,1,0.11477221329967743,12,14.0,0,9,1,4,1,0.0,0.0,0.6020408163265306,38,0
31.0,2,0.008204979592500007,7,12.0,2,11,0,4,1,0.0,0.0,0.3979591836734694,38,1
36.0,1,0.16298239294526132,15,10.0,0,13,4,4,1,0.023540235402354025,0.0,0.3979591836734694,38,0
34.0,2,0.12340375974671408,7,12.0,4,0,1,4,1,0.0,0.459366391184573,0.5,38,0
29.0,2,0.12568555387336247,11,9.0,2,4,0,4,1,0.0,0.0,0.3979591836734694,38,0
68.0,2,0.05404940592101878,15,10.0,2,2,0,4,1,0.0,0.4331955922865014,0.7040816326530612,38,1
33.0,2,0.016102560213635514,15,10.0,2,13,0,4,1,0.0,0.0,0.3979591836734694,38,0
18.0,2,0.17642601976561845,0,6.0,4,11,3,4,0,0.0,0.0,0.11224489795918367,38,0
21.0,2,0.2736636269828588,15,10.0,4,11,3,4,1,0.0,0.0,0.19387755102040816,38,0
48.0,2,0.17716878776470843,11,9.0,2,13,0,4,1,0.0,0.0,0.3979591836734694,38,1
34.0,4,0.19100648110782797,9,13.0,4,4,2,4,1,0.0,0.0,0.5,38,0
25.0,2,0.2180433716927527,6,5.0,4,2,3,2,1,0.0,0.0,0.7551020408163265,38,0
54.0,2,0.09098129335070296,11,9.0,2,11,5,4,0,0.0,0.0,0.3979591836734694,38,1
43.0,2,0.027397779685667624,10,16.0,2,3,0,4,1,0.0,0.0,0.5,38,1
21.0,2,0.006988248421702638,15,10.0,4,7,1,0,0,0.0,0.0,0.19387755102040816,38,0
24.0,2,0.4001908040311245,11,9.0,4,5,3,4,1,0.0,0.0,0.3979591836734694,25,0
46.0,2,0.23365910402002021,8,11.0,2,13,0,4,1,0.0,0.0,0.3979591836734694,38,1
56.0,2,0.16274676553989822,9,13.0,0,3,1,4,0,0.0,0.0,0.3979591836734694,38,1
22.0,2,0.09428617083799397,9,13.0,4,7,1,4,0,0.0,0.0,0.29591836734693877,38,0
39.0,5,0.07006732985399226,11,9.0,2,13,0,4,1,0.0,0.0,0.8061224489795918,38,0
21.0,2,0.2736636269828588,15,10.0,4,2,3,4,1,0.0,0.0,0.14285714285714285,38,0
43.0,2,0.11312823818409813,11,9.0,4,6,3,4,0,0.0,0.0,0.16326530612244897,38,0
80.0,4,0.3716169185893773,12,14.0,2,11,0,4,1,0.0,0.0,0.3979591836734694,38,0
70.0,4,0.02282538925918202,11,9.0,2,4,0,4,1,0.0,0.0,0.3979591836734694,38,0
18.0,2,0.2173019578741533,0,6.0,4,4,3,2,1,0.0,0.0,0.3469387755102041,38,0
43.0,2,0.06463029518426334,9,13.0,2,9,0,4,1,0.0,0.0,0.19387755102040816,38,1
23.0,2,0.10035560779682959,9,13.0,4,11,1,4,0,0.0,0.0,0.3979591836734694,38,0
19.0,2,0.15210967778629406,11,9.0,0,5,1,4,1,0.0,0.42424242424242425,0.3979591836734694,38,0
57.0,1,0.0602271773191018,0,6.0,2,2,0,0,1,0.0,0.0,0.3979591836734694,38,0
43.0,2,0.027397779685667624,10,16.0,2,3,0,4,1,0.0,0.0,0.5510204081632653,38,1
48.0,2,0.020119059548732894,1,7.0,4,7,1,4,0,0.0,0.20202020202020202,0.29591836734693877,38,0
36.0,2,0.1835754156657016,9,13.0,4,3,3,4,1,0.0,0.0,0.3979591836734694,38,0
52.0,3,0.02540713436449664,11,9.0,2,2,0,4,1,0.0,0.0,0.5,38,0
24.0,2,0.14269406083520436,9,13.0,4,0,3,4,0,0.0,0.0,0.3163265306122449,38,0
61.0,2,0.060994320567022454,6,5.0,2,2,0,4,1,0.0,0.0,0.3979591836734694,38,0
44.0,2,0.11580613010424481,9,13.0,4,3,1,4,0,0.0,0.0,0.3979591836734694,38,1
50.0,2,0.10744271139434548,5,4.0,0,7,1,4,0,0.0,0.0,0.3979591836734694,38,0
28.0,2,0.08749360149718195,0,6.0,0,7,1,4,0,0.0,0.0,0.3979591836734694,38,0
41.0,1,0.13181728313476535,11,9.0,5,3,4,4,0,0.0,0.0,0.3979591836734694,30,0
48.0,2,0.10291230056306824,15,10.0,2,11,0,4,1,0.0,0.0,0.7040816326530612,38,1
43.0,4,0.014722650293721749,11,9.0,2,4,0,4,1,0.07688076880768807,0.0,0.8469387755102041,38,1
21.0,2,0.133089535705677,15,10.0,5,11,3,4,0,0.0,0.0,0.29591836734693877,22,0
49.0,4,0.24807977206433982,7,12.0,2,4,0,4,1,0.0,0.0,0.8469387755102041,38,0
61.0,2,0.060994320567022454,11,9.0,0,3,4,4,0,0.0,0.0,0.3979591836734694,38,0
34.0,2,0.12539779051911154,9,13.0,4,11,3,4,1,0.0,0.0,0.29591836734693877,38,0
49.0,5,0.12834042472516907,9,13.0,0,11,1,4,0,0.0,0.0,0.3979591836734694,38,0
62.0,0,0.011932361392855886,11,9.0,2,7,2,1,1,0.0,0.0,0.3979591836734694,34,0
51.0,2,0.052572672096027645,11,9.0,4,11,1,4,0,0.0,0.0,0.29591836734693877,38,0
29.0,1,0.11801682975513708,15,10.0,0,2,1,4,1,0.0,0.0,0.3979591836734694,32,0
50.0,2,0.07785589894563508,15,10.0,2,2,0,4,1,0.0,0.0,0.3979591836734694,38,0
25.0,2,0.10317094903677142,11,9.0,2,6,3,4,1,0.0,0.0,0.6020408163265306,38,0
52.0,4,0.15513085446080596,12,14.0,2,11,0,4,1,0.0,0.0,0.5510204081632653,38,1
46.0,2,0.06482123463343688,15,10.0,0,11,4,4,0,0.0,0.0,0.37755102040816324,38,0
45.0,0,0.15227353362565577,11,9.0,2,11,0,4,1,0.0,0.0,0.3979591836734694,38,0
42.0,2,0.037400433879429186,9,13.0,4,3,1,4,0,0.0,0.0,0.3979591836734694,38,1
44.0,1,0.0043482735552925434,13,6.0,0,7,4,4,0,0.0,0.0,0.09183673469387756,38,0
52.0,4,0.05617614638149431,11,9.0,2,9,0,4,1,0.1060510605106051,0.0,0.4489795918367347,38,1
50.0,4,0.02760429221048298,9,13.0,2,10,0,4,1,0.0,0.0,0.3163265306122449,38,0
32.0,2,0.11901418368645847,15,10.0,2,2,0,4,1,0.0,0.0,0.47959183673469385,38,0
76.0,4,0.014401032427206027,5,4.0,2,7,0,1,1,0.02885028850288503,0.0,0.3979591836734694,34,0
53.0,2,0.14722921129819866,9,13.0,2,11,0,4,1,0.0,0.0,0.3979591836734694,38,1
40.0,2,0.06686604717423157,11,9.0,2,2,0,4,1,0.0,0.0,0.3979591836734694,38,0
39.0,2,0.17922240247869198,11,9.0,2,13,0,4,1,0.0,0.0,0.3979591836734694,38,0
24.0,2,0.3359295230305476,11,9.0,4,7,3,4,0,0.0,0.0,0.24489795918367346,38,0
40.0,2,0.02507400596381088,9,13.0,2,3,0,4,1,0.07298072980729807,0.0,0.5,38,1
47.0,5,0.1035724635522321,11,9.0,2,9,0,2,1,0.0,0.459366391184573,0.5,38,0
34.0,2,0.07913627659949028,9,13.0,4,9,1,4,1,0.0,0.0,0.3979591836734694,38,0
50.0,2,0.037817521470531676,8,11.0,2,11,0,4,1,0.05013050130501305,0.0,0.4489795918367347,38,1
45.0,3,0.13517971329290654,9,13.0,2,11,0,4,1,0.0,0.0,0.3979591836734694,38,1
17.0,2,0.10320615772952682,1,7.0,4,5,3,4,1,0.0,0.0,0.17346938775510204,38,0
51.0,4,0.11353923196299295,6,5.0,2,2,0,4,1,0.0,0.0,0.3979591836734694,38,0
17.0,2,0.12167785671145392,1,7.0,4,9,3,4,1,0.0,0.0,0.24489795918367346,38,0
21.0,2,0.11583389080430197,11,9.0,4,5,1,4,1,0.0,0.0,0.3979591836734694,38,0
24.0,2,0.04580718636502747,8,11.0,2,2,0,4,1,0.05013050130501305,0.0,0.40816326530612246,38,1
61.0,2,0.11556237761593817,2,8.0,0,7,1,4,0,0.0,0.0,0.3979591836734694,38,0
57.0,2,0.19460656994206815,15,10.0,2,6,5,4,0,0.0,0.0,0.3979591836734694,38,1
22.0,2,0.1198212752588516,9,13.0,4,7,3,4,1,0.0,0.0,0.09183673469387756,38,0
32.0,2,0.10470929807408451,7,12.0,2,11,0,4,1,0.0,0.0,0.5,38,1
48.0,4,0.1558248719622346,12,14.0,2,1,0,4,1,0.0,0.0,0.8061224489795918,9,1
23.0,2,0.022390697321701826,15,10.0,4,7,1,4,0,0.0,0.0,0.3979591836734694,38,0
32.0,2,0.12157155354294241,14,15.0,2,9,0,4,1,0.0,0.0,0.47959183673469385,38,0
29.0,2,0.01800450671267269,15,10.0,0,13,1,4,1,0.0,0.0,0.6122448979591837,38,0
30.0,2,0.2354838622310936,11,9.0,2,13,0,4,1,0.0,0.0,0.4489795918367347,38,1
34.0,4,0.12902631714365417,11,9.0,2,2,0,4,1,0.0,0.0,0.5,38,0
31.0,2,0.008204979592500007,7,12.0,2,11,0,4,1,0.0,0.0,0.7244897959183674,38,1
36.0,2,0.08510211875079558,8,11.0,2,3,0,4,1,0.0,0.0,0.5,38,1
35.0,2,0.07046816727920764,11,9.0,0,7,4,4,0,0.0,0.0,0.3979591836734694,38,0
19.0,2,0.23155470753763946,1,7.0,4,11,3,2,1,0.0,0.0,0.09183673469387756,38,0
30.0,1,0.10629639760905893,11,9.0,2,10,0,4,1,0.0,0.4722222222222222,0.3979591836734694,38,1
28.0,2,0.0719753701652371,15,10.0,4,9,3,4,0,0.0,0.0,0.3979591836734694,38,0
61.0,2,0.09983695666893266,11,9.0,0,7,1,4,0,0.0,0.0,0.4489795918367347,38,0
34.0,1,0.08848892415776745,11,9.0,2,13,5,2,0,0.0,0.0,0.4489795918367347,38,0
53.0,0,0.1017822369436688,15,10.0,2,0,0,4,1,0.0,0.47084481175390264,0.3979591836734694,38,1
38.0,2,0.24306998133939284,12,14.0,2,9,0,4,1,0.0,0.0,0.3979591836734694,38,0
32.0,2,0.16955423086610677,8,11.0,2,0,5,1,0,0.0,0.0,0.35714285714285715,38,1
21.0,0,0.06598515276510114,15,10.0,4,7,3,2,1,0.0,0.0,0.09183673469387756,38,0
42.0,2,0.01312607149531318,9,13.0,2,9,0,4,1,1.0,0.0,0.3979591836734694,38,1
56.0,1,0.22050865727587635,15,10.0,5,3,4,2,0,0.048650486504865045,0.0,0.3979591836734694,38,0
68.0,2,0.05404940592101878,14,15.0,2,3,0,4,1,0.0,0.0,0.7040816326530612,38,0
49.0,3,0.12037648925999453,11,9.0,2,3,0,2,1,0.0,0.0,0.6020408163265306,38,1
50.0,4,0.11539175087412351,9,13.0,6,0,4,4,1,0.0,0.0,0.3979591836734694,38,0
60.0,0,0.22050865727587635,4,3.0,6,2,1,4,0,0.0,0.0,0.3979591836734694,4,0
40.0,2,0.013313625493260244,9,13.0,2,3,0,4,1,0.0,0.4331955922865014,0.3979591836734694,38,1
31.0,2,0.14721296113231155,9,13.0,2,9,5,4,0,0.0,0.0,0.3979591836734694,38,1
18.0,2,0.175654813976226,0,6.0,4,7,3,4,1,0.0,0.0,0.19387755102040816,38,0
32.0,2,0.07746115533262736,15,10.0,4,0,3,4,0,0.0,0.0,0.3469387755102041,38,0
59.0,2,0.07341012439501987,15,10.0,2,3,0,4,1,0.07688076880768807,0.0,0.5,38,1
43.0,2,0.2176838367725004,15,10.0,5,6,1,2,0,0.0,0.0,0.3979591836734694,38,0
35.0,2,0.11245588757051896,11,9.0,4,6,3,4,1,0.0,0.0,0.3979591836734694,38,0
57.0,2,0.3385099139553716,12,14.0,2,0,0,4,1,0.0,0.0,0.3979591836734694,38,1
53.0,2,0.09573988359464503,6,5.0,2,6,0,2,1,0.0,0.0,0.3979591836734694,38,0
39.0,2,0.2916410500857196,9,13.0,2,13,0,4,1,0.07688076880768807,0.0,0.3979591836734694,38,1
52.0,2,0.11134749083896898,11,9.0,2,0,0,4,1,0.0,0.0,0.3979591836734694,38,1
44.0,2,0.12456429242715186,1,7.0,5,11,4,4,1,0.0,0.0,0.3979591836734694,38,0
18.0,5,0.1544172013422637,1,7.0,4,7,3,4,1,0.0,0.0,0.10204081632653061,38,0
32.0,2,0.05578749658069426,1,7.0,4,2,1,0,1,0.0,0.0,0.6020408163265306,38,0
38.0,2,0.16885953627443281,12,14.0,4,3,2,4,1,0.0,0.45385674931129477,0.3979591836734694,38,0
48.0,1,0.15534549206856488,15,10.0,2,9,0,4,1,0.0,0.0,0.3469387755102041,38,0
56.0,5,0.08539394464651827,11,9.0,0,3,2,4,1,0.0,0.0,0.5,38,0
49.0,4,0.1322898921259821,11,9.0,2,2,0,4,1,0.0,0.4366391184573003,0.9081632653061225,38,1
60.0,0,0.17870307426054974,15,10.0,0,7,4,4,0,0.0,0.0,0.6530612244897959,38,0
46.0,0,0.22406473524417228,15,10.0,0,9,4,4,0,0.0,0.0,0.3979591836734694,38,0
40.0,3,0.013702275294060293,9,13.0,2,11,0,4,1,0.0,0.0,0.3469387755102041,38,1
18.0,2,0.280330934628291,0,6.0,4,13,3,2,1,0.0,0.0,0.35714285714285715,38,0
39.0,2,0.08883153182188736,11,9.0,2,13,5,4,0,0.0,0.0,0.23469387755102042,38,0
19.0,2,0.23155470753763946,1,7.0,4,8,3,1,0,0.0,0.0,0.3979591836734694,38,0
22.0,2,0.10074425759762964,9,13.0,4,11,3,2,0,0.0,0.0,0.19387755102040816,38,0
46.0,2,0.08907054467847693,11,9.0,5,2,1,4,1,0.0,0.0,0.3979591836734694,38,0
25.0,2,0.28986165692108107,11,9.0,2,0,5,2,0,0.0,0.0,0.5612244897959183,26,0
33.0,2,0.22066100258106802,6,1.0,6,5,4,2,0,0.0,0.0,0.3979591836734694,25,0
19.0,2,0.15210967778629406,15,10.0,4,7,1,4,1,0.0,0.0,0.3469387755102041,38,0
31.0,0,0.07300116188686093,1,7.0,4,2,1,4,1,0.0,0.3838383838383838,0.3979591836734694,38,0
58.0,2,0.23195419078236423,4,3.0,0,7,4,2,0,0.0,0.0,0.37755102040816324,38,0
77.0,3,0.13485470997516433,10,16.0,2,3,0,4,1,0.0,0.0,0.24489795918367346,38,1
22.0,5,0.3036323183299163,15,10.0,2,0,5,4,0,0.0,0.0,0.3979591836734694,38,1
46.0,2,0.059996966635701074,8,11.0,4,4,3,1,1,0.0,0.0,0.3979591836734694,38,0
33.0,0,0.008204979592500007,7,12.0,2,10,0,3,1,0.0,0.0,0.41836734693877553,38,0
61.0,2,0.02551140626227226,11,9.0,0,3,3,4,0,0.0,0.0,0.3979591836734694,38,0
38.0,1,0.06981883773396853,11,9.0,2,11,0,4,1,0.07688076880768807,0.0,0.6020408163265306,38,1
36.0,1,0.1367228019619367,15,10.0,4,10,1,4,1,0.0,0.4722222222222222,0.3979591836734694,38,0
57.0,2,0.022484135775552708,11,9.0,0,3,4,4,0,0.0,0.0,0.24489795918367346,38,0
44.0,0,0.043253201959770005,9,13.0,2,0,0,4,1,0.0,0.0,0.5510204081632653,38,1
29.0,2,0.14116315979058952,15,10.0,2,11,0,4,1,0.0,0.0,0.5,38,0
36.0,2,0.1519735826469895,11,9.0,2,11,0,4,1,0.0,0.39462809917355374,0.3979591836734694,38,0
21.0,2,0.13329401695975646,15,10.0,4,11,3,4,1,0.0,0.0,0.3979591836734694,38,0
65.0,5,0.2755987509039155,11,9.0,2,2,0,2,1,0.0,0.0,0.3979591836734694,38,0
43.0,2,0.03645927843846739,11,9.0,2,5,0,4,1,0.0,0.0,0.7040816326530612,38,0
59.0,1,0.08379465748712851,11,9.0,4,7,4,4,1,0.0,0.0,0.7551020408163265,38,0
19.0,2,0.0714892193691144,2,8.0,4,7,3,2,1,0.0,0.0,0.5,38,0
29.0,2,0.12568555387336247,15,10.0,4,0,1,4,0,0.0,0.0,0.3979591836734694,12,0
23.0,5,0.16968558637369424,9,13.0,4,0,3,4,1,0.0,0.0,0.3979591836734694,38,0
56.0,0,0.0602271773191018,9,13.0,2,10,0,4,1,0.0,0.0,0.3979591836734694,38,0
19.0,2,0.017013246593558976,15,10.0,4,7,1,4,1,0.0,0.0,0.3469387755102041,38,0
51.0,2,0.06034431393153805,12,14.0,2,10,0,4,1,0.0,0.0,0.3979591836734694,38,1
28.0,2,0.13027961118769754,9,13.0,4,12,1,4,0,0.0,0.0,0.3979591836734694,38,0
26.0,1,0.11103128969441563,12,14.0,2,9,0,4,1,0.03908039080390804,0.0,0.6020408163265306,38,1
26.0,2,0.06010665525543907,9,13.0,4,3,4,3,0,0.0,0.0,0.3979591836734694,38,0
73.0,2,0.05085083160223927,5,4.0,2,3,0,4,1,0.0,0.0,0.3979591836734694,38,0
39.0,0,0.043793519975516414,9,13.0,2,9,5,4,0,0.0,0.0,0.15306122448979592,38,1
20.0,2,0.16885615082320632,15,10.0,4,0,1,2,0,0.0,0.0,0.19387755102040816,38,0
61.0,3,0.09632895210805277,15,10.0,2,3,0,4,1,0.15024150241502415,0.0,0.5,38,1
22.0,2,0.013392845051959906,9,13.0,4,11,1,4,1,0.0,0.0,0.29591836734693877,38,0
43.0,4,0.2048143824801545,15,10.0,2,3,0,4,1,0.0,0.0,0.4387755102040816,38,1
61.0,2,0.1524258789308474,5,4.0,5,6,1,4,0,0.0,0.39462809917355374,0.3979591836734694,25,0
30.0,4,0.06794329775449791,7,12.0,2,2,0,4,1,0.0,0.0,0.3979591836734694,38,1
43.0,2,0.14158227865242792,11,9.0,5,5,2,4,1,0.0,0.0,0.3979591836734694,38,0
17.0,2,0.08365449980635219,1,7.0,4,9,3,4,1,0.0,0.0,0.19387755102040816,28,0
41.0,4,0.009309990872823493,15,10.0,2,2,0,4,1,0.0,0.0,0.6020408163265306,38,0
47.0,2,0.0363847985114848,9,13.0,2,9,0,4,1,0.15024150241502415,0.0,0.4489795918367347,38,1
57.0,2,0.16501230950065948,11,9.0,2,6,0,4,1,0.0,0.0,0.3979591836734694,38,0
41.0,2,0.08559436335912596,8,11.0,5,4,4,4,0,0.0,0.0,0.4387755102040816,38,0
54.0,2,0.14993892645987428,9,13.0,2,0,0,4,1,0.0,0.0,0.3469387755102041,38,1
51.0,4,0.11353923196299295,9,13.0,2,2,0,4,1,0.0,0.0,0.3979591836734694,38,0
52.0,4,0.19195440745124273,14,15.0,2,3,0,4,1,0.0,0.0,0.46938775510204084,8,1
21.0,2,0.13329401695975646,15,10.0,0,0,3,4,0,0.0,0.0,0.29591836734693877,38,0
22.0,2,0.29046223596865883,15,10.0,4,7,3,4,1,0.005940059400594006,0.0,0.24489795918367346,38,0
47.0,2,0.12037648925999453,11,9.0,2,6,0,2,1,0.0,0.0,0.3979591836734694,38,0
32.0,2,0.10470929807408451,11,9.0,2,7,0,4,0,0.0,0.0,0.8061224489795918,38,0
60.0,2,0.04213803432576708,15,10.0,4,7,4,4,0,0.0,0.0,0.23469387755102042,38,0
43.0,0,0.14158227865242792,11,9.0,5,0,3,4,1,0.0,0.0,0.3673469387755102,38,0
47.0,2,0.15724202184563968,9,13.0,2,5,0,4,1,0.0,0.0,0.5,38,0
38.0,3,0.11820438375308415,11,9.0,2,3,0,4,1,0.0,0.0,0.6020408163265306,38,0
35.0,2,0.2090035398278024,15,10.0,2,2,0,4,1,0.0,0.0,0.4489795918367347,38,0
37.0,1,0.06990550528536646,11,9.0,2,13,0,4,1,0.0,0.0,0.4489795918367347,38,0
62.0,2,0.04048999666871599,15,10.0,2,7,0,4,1,0.0,0.0,0.5510204081632653,38,0
56.0,2,0.038748520557814026,2,8.0,0,8,1,4,0,0.0,0.0,0.3979591836734694,38,0
63.0,2,0.06020686461174291,6,5.0,2,7,0,4,1,0.0,0.0,0.3979591836734694,38,0
34.0,2,0.06576577552562515,15,10.0,4,3,3,1,1,0.0,0.0,0.3979591836734694,2,0
20.0,2,0.15695290431089817,11,9.0,4,7,1,4,0,0.0,0.0,0.29591836734693877,38,0
39.0,2,0.23953286189796522,15,10.0,2,11,0,4,1,0.0,0.0,0.5,38,0
31.0,2,0.011798297524287227,15,10.0,2,11,0,4,1,0.15024150241502415,0.0,0.3979591836734694,38,1
30.0,2,0.14278817637930055,11,9.0,2,0,5,4,0,0.0,0.0,0.3979591836734694,38,1
40.0,2,0.104980134172203,15,10.0,2,3,0,4,1,0.0,0.0,0.4489795918367347,38,1
22.0,2,0.13427105818371896,11,9.0,4,11,3,4,0,0.0,0.0,0.3163265306122449,38,0
44.0,2,0.18162742702998427,9,13.0,4,3,1,4,1,0.0,0.0,0.3979591836734694,38,1
53.0,2,0.07693437912178687,15,10.0,2,3,0,4,1,0.0,0.0,0.6530612244897959,38,1
48.0,1,0.09146405869559919,11,9.0,2,2,0,4,1,0.0,0.0,0.3979591836734694,38,0
53.0,2,0.06749506401211179,11,9.0,2,3,0,4,1,0.0,0.0,0.4489795918367347,38,0
45.0,2,0.12818672523948682,9,13.0,2,12,0,4,1,0.0,0.0,0.24489795918367346,38,1
35.0,2,0.13636868376364675,11,9.0,2,13,0,3,1,0.0,0.0,0.3979591836734694,38,0
43.0,2,0.1416906130916753,12,14.0,2,3,0,4,1,0.0,0.0,0.3979591836734694,38,1
47.0,2,0.2236090535090879,11,9.0,5,2,4,2,0,0.0,0.0,0.3979591836734694,38,0
43.0,2,0.11444788707218052,7,12.0,2,6,0,4,1,0.0,0.0,0.4489795918367347,38,0
62.0,2,0.13132233016545378,1,7.0,0,7,1,4,0,0.0,0.0,0.4489795918367347,20,0
41.0,2,0.24373691523100965,1,7.0,2,0,0,4,1,0.0,0.0,0.3979591836734694,38,1
57.0,1,0.22050865727587635,0,2.0,5,7,4,4,1,0.0,0.0,0.3979591836734694,25,1
29.0,2,0.16465412876089777,9,13.0,4,9,3,4,1,0.02907029070290703,0.0,0.3163265306122449,38,0
41.0,2,0.14871474729637865,13,2.0,5,4,4,4,1,0.0,0.0,0.5,38,0
17.0,2,0.011738713582701156,1,7.0,4,7,3,4,1,0.0,0.0,0.19387755102040816,38,0
39.0,2,0.03652292492152524,9,13.0,0,3,1,4,0,0.08614086140861409,0.0,0.4489795918367347,38,0
36.0,2,0.1519735826469895,9,13.0,2,5,0,4,1,0.0,0.45385674931129477,0.3979591836734694,38,1
77.0,4,0.06354221116007226,10,16.0,2,3,0,4,1,0.0,0.0,0.07142857142857142,38,1
46.0,2,0.28093354494660466,9,13.0,2,9,0,4,1,0.0,0.0,0.3469387755102041,25,0
53.0,2,0.19121299363264332,1,7.0,0,7,1,4,0,0.0,0.0,0.37755102040816324,38,0
62.0,2,0.09598702153417817,15,10.0,2,3,0,4,1,0.0,0.0,0.6530612244897959,38,1
41.0,2,0.10846308639400694,12,14.0,4,3,1,4,1,0.0,0.0,0.3979591836734694,38,0
53.0,0,0.01536588602675319,10,16.0,2,9,0,4,1,0.0,0.0,0.5510204081632653,38,1
22.0,2,0.12228520666148467,15,10.0,4,11,4,2,0,0.0,0.0,0.3979591836734694,38,0
58.0,2,0.13898766883245267,8,11.0,6,6,4,0,0,0.0,0.0,0.3163265306122449,38,0
28.0,2,0.09219260779953796,0,5.0,4,13,1,2,0,0.01151011510115101,0.0,0.3979591836734694,38,0
41.0,1,0.14750817247926074,15,10.0,0,0,4,4,0,0.0,0.0,0.3979591836734694,38,0
47.0,2,0.09366460199281201,11,9.0,0,6,1,4,0,0.0,0.0,0.3979591836734694,38,0
50.0,2,0.07785589894563508,15,10.0,2,2,0,1,1,0.0,0.0,0.3979591836734694,38,0
33.0,2,0.016102560213635514,15,10.0,2,13,0,4,1,0.024070240702407025,0.0,0.3979591836734694,38,0
46.0,2,0.06029488634363143,12,14.0,2,6,0,4,1,0.0,0.4331955922865014,0.3979591836734694,38,1
20.0,2,0.2441749926197163,11,9.0,4,13,4,4,1,0.0,0.0,0.5,38,1
36.0,1,0.1367228019619367,15,10.0,4,0,1,4,1,0.0,0.0,0.5,38,0
43.0,3,0.1386748531391258,11,9.0,2,3,0,4,1,0.0,0.4366391184573003,0.6020408163265306,38,0
39.0,2,0.23953286189796522,11,9.0,2,6,0,4,1,0.0,0.0,0.5,38,0
29.0,2,0.17457824048620496,14,15.0,2,9,0,4,1,0.0,0.0,0.4489795918367347,38,1
31.0,2,0.1878735845428422,8,11.0,2,3,0,4,1,0.0,0.0,0.3469387755102041,38,0
34.0,1,0.13252077989962815,11,9.0,4,7,1,4,1,0.0,0.0,0.3979591836734694,38,0
29.0,2,0.17457824048620496,11,9.0,4,2,1,4,1,0.0,0.0,0.7551020408163265,38,0
29.0,2,0.14116315979058952,15,10.0,2,11,0,4,1,0.0,0.0,0.5510204081632653,38,0
34.0,3,0.07171672169153394,15,10.0,0,3,4,4,0,0.0,0.0,0.3163265306122449,38,0
40.0,2,0.12380730553291065,15,10.0,2,13,0,4,1,0.0,0.0,0.47959183673469385,38,0
46.0,4,0.1254424784753011,15,10.0,2,2,0,2,1,0.0,0.4331955922865014,0.5510204081632653,38,1
30.0,2,0.14278817637930055,11,9.0,2,2,0,4,1,0.0,0.3409090909090909,0.3877551020408163,38,0
18.0,2,0.15688654946685915,11,9.0,4,11,4,2,0,0.0,0.0,0.11224489795918367,38,0
43.0,2,0.056192396547381424,11,9.0,4,6,3,1,0,0.0,0.0,0.3979591836734694,38,0
52.0,1,0.012421897640205078,9,13.0,2,9,0,4,1,0.0,0.0,0.5510204081632653,38,1
24.0,2,0.1791838083347101,9,13.0,2,4,0,4,1,0.0,0.0,0.19387755102040816,38,0
21.0,2,0.0727912639108191,15,10.0,4,2,3,4,1,0.0,0.0,0.3979591836734694,38,0
25.0,2,0.1765418021975641,11,9.0,2,6,0,4,1,0.0,0.0,0.3979591836734694,38,0
42.0,1,0.22085261912048684,15,10.0,5,3,4,4,0,0.0,0.0,0.3979591836734694,38,0
67.0,2,0.062094592215628866,6,5.0,2,7,0,4,1,0.0,0.0,0.3979591836734694,38,0
24.0,2,0.11960866892182857,9,13.0,4,11,3,4,0,0.033250332503325035,0.0,0.2653061224489796,38,0
56.0,2,0.17103231887158848,10,16.0,2,3,0,4,1,0.0,0.0,0.3979591836734694,38,0
18.0,2,0.2972155340752437,1,7.0,4,8,3,2,1,0.0,0.0,0.35714285714285715,38,0
22.0,2,0.0655958258740558,11,9.0,0,13,3,4,1,0.0,0.0,0.6632653061224489,38,0
36.0,2,0.08510211875079558,9,13.0,0,3,4,2,0,0.0,0.0,0.3979591836734694,38,0
39.0,2,0.17526210163395417,11,9.0,2,6,0,2,1,0.0,0.0,0.5,38,0
78.0,4,0.10327996056626411,11,9.0,2,2,0,4,1,0.0,0.0,0.14285714285714285,38,0
53.0,1,0.21025615678160048,11,9.0,0,0,1,4,0,0.0,0.0,0.3979591836734694,38,0
63.0,2,0.13725702616547544,8,11.0,6,11,1,4,0,0.0,0.0,0.3469387755102041,38,0
27.0,2,0.19562085112952196,12,14.0,0,12,1,4,1,0.0,0.5369605142332415,0.6020408163265306,38,0
43.0,2,0.2176838367725004,15,10.0,2,2,0,4,1,0.0,0.0,0.5,38,1
58.0,4,0.05548957687276391,11,9.0,2,9,0,4,1,0.0,0.0,0.6020408163265306,38,0
33.0,2,0.0977684459695526,7,12.0,2,11,0,4,1,0.0,0.0,0.3979591836734694,38,1
46.0,2,0.12835938325203736,1,7.0,5,7,1,4,0,0.0,0.0,0.3979591836734694,22,0
46.0,1,0.15227353362565577,15,10.0,2,12,0,4,1,0.0,0.0,0.3979591836734694,38,1
19.0,2,0.16646940770853702,11,9.0,4,7,3,2,0,0.0,0.0,0.14285714285714285,38,0
20.0,2,0.15695290431089817,15,10.0,4,0,1,4,1,0.0,0.0,0.29591836734693877,38,0
42.0,2,0.17415979871461187,6,5.0,2,13,0,2,1,0.0,0.0,0.3979591836734694,38,0
33.0,2,0.1276680741115899,9,13.0,4,3,3,4,0,0.0,0.0,0.37755102040816324,38,0
26.0,2,0.10346548329347528,9,13.0,4,9,1,4,1,0.0,0.0,0.4489795918367347,38,0
46.0,2,0.09541081773543104,0,6.0,2,5,0,2,1,0.0,0.0,0.3979591836734694,38,0
21.0,2,0.06044655455857779,11,9.0,4,2,3,4,1,0.0,0.0,0.5,38,0
45.0,2,0.15068507991019076,15,10.0,2,12,0,4,1,0.0,0.0,0.3979591836734694,38,1
43.0,2,0.14034997440598873,12,14.0,2,3,0,4,1,0.0,0.0,0.4387755102040816,38,0
44.0,5,0.03076562656577119,9,13.0,2,9,0,4,1,0.0,0.4331955922865014,0.6020408163265306,38,1
41.0,2,0.1522525438280516,9,13.0,2,0,0,4,1,0.0,0.0,0.3979591836734694,38,1
22.0,2,0.12557586525362446,15,10.0,4,2,4,2,1,0.0,0.0,0.5510204081632653,38,0
28.0,2,0.2668954328908774,15,10.0,4,2,4,4,1,0.0,0.0,0.3979591836734694,38,0
22.0,2,0.1198212752588516,9,13.0,4,11,3,4,0,0.0,0.0,0.19387755102040816,38,0
52.0,3,0.0741826843649029,8,11.0,2,11,0,2,1,0.0,0.3168044077134986,0.3979591836734694,38,0
37.0,3,0.06392882969013643,9,13.0,2,9,5,4,0,0.0,0.0,0.3979591836734694,38,1
41.0,2,0.14871474729637865,0,6.0,0,7,4,4,0,0.0,0.0,0.6530612244897959,38,0
19.0,2,0.16988058836433956,11,9.0,4,11,1,4,0,0.0,0.0,0.3979591836734694,7,0
17.0,2,0.08365449980635219,1,7.0,4,5,3,4,1,0.0,0.0,0.19387755102040816,38,0
40.0,2,0.13719473386290817,11,9.0,2,11,0,4,1,0.0,0.0,0.5,38,1
24.0,2,0.0469595939625217,11,9.0,4,7,3,4,0,0.0,0.0,0.24489795918367346,38,0
31.0,2,0.11234484477029036,4,3.0,6,2,1,4,1,0.0,0.0,0.3979591836734694,25,0
41.0,2,0.013432793376432384,9,13.0,2,3,0,4,1,0.0,0.0,0.3979591836734694,38,1
44.0,2,0.08495722143830219,11,9.0,4,3,4,4,1,0.0,0.0,0.8061224489795918,9,1
24.0,2,0.10262115175759086,15,10.0,4,3,3,4,1,0.0,0.0,0.3469387755102041,38,0
22.0,2,0.29046223596865883,15,10.0,4,7,3,4,1,0.0,0.0,0.19387755102040816,38,0
49.0,2,0.18842812145373983,11,9.0,2,6,0,4,1,0.0,0.0,0.3979591836734694,38,1
33.0,2,0.17222941442527226,11,9.0,3,7,1,4,1,0.0,0.0,0.3979591836734694,4,0
28.0,2,0.11520487396642175,11,9.0,4,5,1,4,1,0.0,0.0,0.3979591836734694,38,0
56.0,1,0.17870307426054974,11,9.0,6,7,4,2,0,0.048650486504865045,0.0,0.37755102040816324,38,0
22.0,2,0.10074425759762964,0,5.0,4,5,1,3,1,0.0,0.0,0.24489795918367346,38,0
56.0,2,0.20160836016867673,8,11.0,0,6,1,4,0,0.0,0.0,0.3979591836734694,32,0
52.0,2,0.051930790543486795,10,16.0,2,3,0,4,1,0.0,0.0,0.5714285714285714,38,1
48.0,2,0.1625720762566118,14,15.0,2,9,0,4,1,0.0,0.0,0.3979591836734694,38,1
42.0,2,0.22085261912048684,15,10.0,6,2,4,4,1,0.0,0.0,0.3979591836734694,38,0
63.0,2,0.04823929452613162,5,4.0,2,7,0,4,1,0.0,0.0,0.3979591836734694,38,0
22.0,2,0.12849209294011543,11,9.0,4,7,1,4,0,0.0,0.0,0.3979591836734694,38,0
21.0,2,0.11583389080430197,15,10.0,4,7,3,4,1,0.0,0.0,0.19387755102040816,38,0
31.0,2,0.07510826673022288,8,11.0,5,12,1,4,0,0.0,0.0,0.3979591836734694,38,0
33.0,3,0.12717244405203304,15,10.0,0,4,1,4,1,0.0,0.0,0.6020408163265306,38,0
44.0,2,0.24172798847321567,9,13.0,3,3,1,4,1,0.04934049340493405,0.0,0.6020408163265306,38,1
17.0,2,0.0725732408518337,1,7.0,4,11,3,4,0,0.0,0.0,0.05102040816326531,38,0
47.0,2,0.1837724489270828,15,10.0,2,2,0,4,1,0.0,0.0,0.5,38,1
26.0,2,0.033912064935662886,0,6.0,0,7,1,4,0,0.0,0.0,0.3979591836734694,38,0
33.0,2,0.10123243966448824,11,9.0,0,13,1,2,1,0.06849068490684906,0.0,0.5510204081632653,38,1
30.0,4,0.13209015050361972,11,9.0,0,3,4,4,0,0.0,0.0,0.19387755102040816,38,0
59.0,2,0.08018373520896359,0,6.0,0,7,1,4,1,0.0,0.0,0.5,38,0
39.0,2,0.10884225693137284,11,9.0,2,2,0,4,1,0.0,0.0,0.37755102040816324,38,1
62.0,2,0.08819371281081828,1,7.0,6,7,1,4,0,0.0,0.0,0.11224489795918367,38,0
34.0,0,0.06576577552562515,12,14.0,4,0,1,4,1,0.0,0.0,0.29591836734693877,38,1
44.0,2,0.08495722143830219,11,9.0,2,0,0,4,1,0.0,0.0,0.3979591836734694,38,0
35.0,2,0.0278175756377513,1,7.0,2,3,0,4,1,0.0,0.3624885215794307,0.3979591836734694,38,0
26.0,2,0.17304259980987305,8,11.0,4,0,1,4,1,0.0,0.0,0.3979591836734694,38,0
62.0,1,0.07560592806051562,0,6.0,2,4,0,4,1,0.0,0.0,0.3979591836734694,38,0
37.0,0,0.13441121586449528,10,16.0,4,9,3,4,1,0.0,0.0,0.3979591836734694,38,0
35.0,2,0.08460174905952166,11,9.0,2,13,0,4,1,0.0,0.0,0.3673469387755102,38,1
29.0,2,0.17457824048620496,9,13.0,4,9,1,4,1,0.0,0.0,0.3979591836734694,38,0
19.0,2,0.0714892193691144,15,10.0,4,11,3,4,0,0.0,0.0,0.2653061224489796,38,0
28.0,2,0.0719753701652371,6,6.0,4,10,3,2,1,0.0,0.0,0.3469387755102041,38,0
34.0,2,0.09521784701552162,15,10.0,0,5,1,4,1,0.0,0.0,0.29591836734693877,38,0
34.0,4,0.08308709818079393,11,9.0,2,11,0,4,1,0.0,0.0,0.5,38,0
29.0,1,0.11103128969441563,9,13.0,4,9,1,4,1,0.0,0.0,0.3979591836734694,38,0
21.0,2,0.11105092531152923,15,10.0,4,7,3,4,0,0.0,0.0,0.2653061224489796,38,0
28.0,2,0.13136972648262452,14,15.0,4,9,1,4,1,0.0,0.0,0.3979591836734694,38,0
50.0,2,0.17161055394107147,10,16.0,2,3,0,4,1,0.0,0.0,0.3979591836734694,38,1
56.0,2,0.05474477760293803,11,9.0,0,6,1,4,0,0.0,0.0,0.3979591836734694,38,0
41.0,4,0.016335479258017427,7,12.0,2,4,0,4,1,0.0,0.0,0.8061224489795918,9,1
43.0,3,0.013702275294060293,9,13.0,2,11,0,4,1,0.0,0.0,0.3979591836734694,38,1
31.0,2,0.2499079157266397,11,9.0,4,6,4,2,0,0.0,0.0,0.5,38,1
18.0,5,0.10294480089484247,2,8.0,4,7,3,4,1,0.0,0.0,0.07142857142857142,38,0
38.0,2,0.1594053251793612,9,13.0,2,3,0,4,1,0.0,0.0,0.4489795918367347,38,1
40.0,2,0.11211057154541786,11,9.0,2,3,0,4,1,0.0,0.0,0.3979591836734694,38,1
28.0,2,0.03252132157182438,9,13.0,4,12,1,4,1,0.0,0.0,0.3979591836734694,38,0
21.0,2,0.11583389080430197,15,10.0,4,7,1,4,1,0.0,0.0,0.19387755102040816,38,0
26.0,2,0.09579066536304225,7,12.0,2,2,0,4,1,0.0,0.0,0.3979591836734694,38,0
40.0,2,0.12546346827290528,7,12.0,0,6,1,4,1,0.0,0.0,0.19387755102040816,38,0
33.0,2,0.11180317257405337,11,9.0,2,2,0,4,1,0.0,0.0,0.3979591836734694,38,1
28.0,2,0.06545566819327947,15,10.0,2,3,0,4,1,0.0,0.0,0.5,38,1
30.0,2,0.08062316677816087,14,15.0,4,12,1,4,0,0.15024150241502415,0.0,0.7040816326530612,38,1
56.0,2,0.07068077361623067,1,7.0,2,11,0,4,1,0.0,0.20202020202020202,0.3979591836734694,38,0
44.0,2,0.043253201959770005,9,13.0,2,11,0,4,1,0.0,0.0,0.7040816326530612,38,0
33.0,2,0.07509946455703402,1,7.0,4,7,3,2,1,0.0,0.0,0.3979591836734694,38,0
56.0,2,0.17103231887158848,9,13.0,2,3,0,4,1,0.0,0.0,0.3979591836734694,7,1
38.0,3,0.11820438375308415,9,13.0,2,9,0,4,1,0.0,0.0,0.3979591836734694,38,1
23.0,2,0.07971925130069037,15,10.0,4,3,1,4,1,0.0,0.0,0.3979591836734694,38,0
39.0,3,0.11820438375308415,8,11.0,2,3,0,4,1,0.0,0.0,0.6020408163265306,38,1
58.0,2,0.09087566727243673,6,5.0,2,11,0,4,1,0.0,0.0,0.3979591836734694,38,0
39.0,2,0.19778144610226228,11,9.0,2,6,0,4,1,0.0,0.0,0.5,38,0
45.0,4,0.15569013100342066,11,9.0,0,0,1,4,1,0.0,0.0,0.5,38,0
19.0,2,0.16988058836433956,11,9.0,4,5,1,4,1,0.0,0.0,0.3979591836734694,38,0
25.0,2,0.20015193905104448,11,9.0,4,7,3,4,1,0.0,0.0,0.29591836734693877,38,0
31.0,2,0.09385621853223085,11,9.0,2,5,0,4,1,0.051780517805178054,0.0,1.0,38,1
54.0,2,0.18840916292687154,11,9.0,2,13,0,4,1,0.07298072980729807,0.0,0.5,13,1
43.0,4,0.10276537197983895,11,9.0,3,0,1,4,1,0.0,0.0,0.3979591836734694,38,0
22.0,2,0.08995820999006031,11,9.0,4,11,3,4,0,0.0,0.0,0.24489795918367346,38,0
21.0,2,0.08809756599598621,11,9.0,4,7,2,2,1,0.0,0.0,0.6020408163265306,38,0
37.0,2,0.08083577311518389,14,15.0,2,0,0,4,1,0.0,0.0,0.4489795918367347,7,1
27.0,2,0.11923356092593446,15,10.0,2,2,0,4,1,0.03908039080390804,0.0,0.47959183673469385,38,1
34.0,2,0.12322771628293705,4,3.0,2,6,0,4,1,0.0,0.0,0.5,25,0
62.0,3,0.11259265980006879,11,9.0,2,3,0,4,1,0.07688076880768807,0.0,0.6020408163265306,38,1
33.0,2,0.008204979592500007,13,2.0,4,2,1,0,1,0.0,0.0,0.3979591836734694,38,0
26.0,2,0.03017994350358993,9,13.0,4,9,1,4,1,0.0,0.0,0.3979591836734694,38,0
61.0,1,0.011932361392855886,12,14.0,2,9,5,4,0,0.15024150241502415,0.0,0.3979591836734694,38,1
44.0,2,0.1723512906694256,15,10.0,0,13,4,4,1,0.06849068490684906,0.0,0.3979591836734694,38,1
23.0,2,0.15106492753780196,11,9.0,4,6,3,4,0,0.0,0.0,0.24489795918367346,38,0
34.0,2,0.06725401988478633,9,13.0,4,11,1,4,0,0.033250332503325035,0.0,0.5,38,0
25.0,2,0.10165020434583603,8,11.0,2,11,0,4,1,0.03908039080390804,0.0,0.7040816326530612,38,1
48.0,2,0.10291230056306824,11,9.0,0,6,1,4,0,0.0,0.0,0.3979591836734694,38,0
23.0,2,0.08490711676015025,11,9.0,4,2,4,4,0,0.0,0.0,0.4489795918367347,38,0
21.0,2,0.2717298572422927,1,7.0,4,9,3,4,0,0.0,0.0,0.3979591836734694,38,0
43.0,2,0.08655583150744664,0,6.0,5,7,4,4,1,0.0,0.0,0.29591836734693877,38,0
43.0,5,0.03076562656577119,9,13.0,4,3,1,4,0,0.0,0.0,0.3979591836734694,38,1
34.0,2,0.07913627659949028,9,13.0,4,9,1,4,0,0.0,0.0,0.3979591836734694,38,0
33.0,4,0.12902631714365417,11,9.0,2,2,0,4,1,0.0,0.0,0.5,38,0
24.0,2,0.04580718636502747,11,9.0,0,0,3,4,0,0.0,0.0,0.24489795918367346,38,0
33.0,0,0.016102560213635514,7,12.0,2,0,0,4,1,0.0,0.0,0.3979591836734694,38,0
31.0,2,0.2499079157266397,11,9.0,4,6,4,4,0,0.0,0.0,0.5,38,1
18.0,2,0.175654813976226,0,6.0,4,7,3,4,0,0.0,0.0,0.11224489795918367,38,0
36.0,2,0.1378454175886379,11,9.0,0,2,1,4,1,0.0,0.0,0.3979591836734694,38,0
26.0,3,0.09942934834126432,11,9.0,4,7,1,4,0,0.0,0.0,0.3979591836734694,38,0
23.0,2,0.13328250642558642,9,13.0,4,0,3,2,0,0.0,0.0,0.19387755102040816,38,0
18.0,5,0.15688654946685915,0,6.0,4,2,3,4,1,0.0,0.0,0.35714285714285715,38,0
41.0,1,0.14750817247926074,9,13.0,2,11,0,4,1,0.0,0.0,0.3979591836734694,38,1
45.0,2,0.12818672523948682,1,7.0,2,2,0,4,1,0.0,0.0,0.3979591836734694,38,0
43.0,4,0.10276537197983895,6,5.0,4,7,4,4,0,0.0,0.0,0.19387755102040816,5,0
37.0,2,0.014141706863257563,0,6.0,4,13,1,2,1,0.0,0.0,0.6122448979591837,38,0
43.0,2,0.050606402023687325,15,10.0,2,13,0,4,1,0.0,0.0,0.5510204081632653,38,0
24.0,2,0.20850520140726436,7,12.0,4,0,3,4,1,0.0,0.0,0.19387755102040816,38,0
41.0,2,0.256397148637559,11,9.0,4,2,1,4,0,0.0,0.0,0.4489795918367347,38,0
34.0,2,0.11966622159267876,9,13.0,4,2,1,4,1,0.0,0.0,0.3979591836734694,38,0
43.0,2,0.12363126206913362,11,9.0,4,2,1,4,1,0.0,0.0,0.3979591836734694,38,0
19.0,2,0.15210967778629406,11,9.0,4,11,1,4,0,0.0,0.0,0.4489795918367347,38,0
51.0,2,0.12391360870142216,12,14.0,2,3,0,4,1,0.0,0.0,0.6020408163265306,38,1
36.0,2,0.10360631806449691,7,12.0,2,11,0,4,1,0.0,0.0,0.5,38,1
25.0,2,0.20015193905104448,12,14.0,4,0,1,4,1,0.0,0.0,0.6020408163265306,38,0
64.0,2,0.15175488249775884,5,4.0,6,7,1,4,0,0.0,0.0,0.35714285714285715,1,0
45.0,4,0.2048143824801545,11,9.0,2,4,0,4,1,0.0,0.0,1.0,38,0
31.0,2,0.022790180566426614,15,10.0,2,11,0,4,1,0.0,0.0,0.7244897959183674,38,0
46.0,2,0.1054148261096832,12,14.0,2,3,5,2,0,0.0,0.3590449954086318,0.3979591836734694,38,1
26.0,2,0.04942149409441888,11,9.0,4,5,1,4,1,0.0,0.0,0.3979591836734694,38,0
42.0,4,0.013529617281509749,11,9.0,2,4,0,4,1,0.051780517805178054,0.0,0.8469387755102041,38,1
52.0,2,0.11698765258228677,11,9.0,2,0,0,4,1,0.0,0.0,0.3979591836734694,38,1
21.0,2,0.13270359426585812,15,10.0,4,0,3,4,0,0.0,0.0,0.29591836734693877,38,0
28.0,2,0.12149707361595984,11,9.0,2,7,0,4,1,0.0,0.0,0.5,38,0
44.0,2,0.02922253789674103,11,9.0,2,4,0,4,1,0.0,0.0,0.3979591836734694,38,0
55.0,0,0.03691699144428766,11,9.0,2,5,0,4,1,0.0,0.0,0.3979591836734694,38,1
37.0,0,0.06990550528536646,7,12.0,2,10,5,4,0,0.0,0.4331955922865014,0.29591836734693877,38,1
61.0,3,0.13485470997516433,9,13.0,2,3,0,4,1,0.04386043860438604,0.0,0.5510204081632653,38,1
53.0,2,0.19121299363264332,11,9.0,2,5,0,4,1,0.0,0.0,0.3979591836734694,38,0
31.0,2,0.2757497420286165,15,10.0,5,7,4,2,0,0.0,0.0,0.3979591836734694,38,0
43.0,2,0.050606402023687325,15,10.0,3,0,1,4,0,0.0,0.0,0.29591836734693877,38,0
28.0,2,0.03252132157182438,9,13.0,2,0,5,4,0,0.0,0.0,0.3979591836734694,38,1
34.0,4,0.08308709818079393,12,14.0,5,4,1,4,1,0.0,0.0,0.6530612244897959,38,0
59.0,1,0.0602271773191018,15,10.0,4,13,4,4,0,0.0,0.0,0.24489795918367346,38,0
41.0,2,0.11138811625368676,7,12.0,5,7,1,4,1,0.0,0.0,0.3469387755102041,30,0
43.0,2,0.14034997440598873,11,9.0,5,2,1,4,1,0.0,0.0,0.3979591836734694,30,0
18.0,2,0.0971550022073142,11,9.0,4,11,3,4,0,0.0,0.0,0.19387755102040816,38,0
19.0,2,0.17344682268631492,15,10.0,4,0,2,2,1,0.0,0.459366391184573,0.19387755102040816,38,0
63.0,2,0.06265183748750769,11,9.0,2,7,5,4,0,0.0,0.0,0.24489795918367346,38,1
41.0,2,0.27892868073028243,9,13.0,2,9,0,4,1,0.15024150241502415,0.0,0.3979591836734694,25,1
27.0,2,0.2024452437118629,12,14.0,2,9,0,4,1,0.0,0.0,0.5510204081632653,38,0
26.0,2,0.03367982298152627,9,13.0,4,12,4,3,1,0.0,0.0,0.37755102040816324,38,0
26.0,1,0.1759804943842135,7,12.0,2,10,0,4,1,0.0,0.0,0.5,38,1
40.0,2,0.033549821654429386,2,8.0,0,2,1,4,1,0.0,0.0,0.3979591836734694,38,0
41.0,2,0.24373691523100965,1,7.0,2,0,0,4,1,0.0,0.0,0.4489795918367347,38,1
33.0,2,0.07509946455703402,1,7.0,4,11,4,4,0,0.0,0.20202020202020202,0.24489795918367346,38,0
43.0,2,0.06518347791467038,15,10.0,0,3,4,4,0,0.0,0.0,0.4387755102040816,38,0
33.0,2,0.1276680741115899,0,6.0,0,7,1,4,1,0.0,0.0,0.19387755102040816,38,0
36.0,2,0.07838741478819262,11,9.0,2,6,0,4,1,0.0,0.0,0.3979591836734694,38,0
26.0,2,0.2517326739377131,11,9.0,2,3,0,2,1,0.0,0.0,0.7551020408163265,38,0
23.0,2,0.022390697321701826,15,10.0,2,2,5,4,0,0.024070240702407025,0.0,0.40816326530612246,38,0
27.0,2,0.3552699287971898,1,7.0,2,2,0,4,1,0.0,0.0,0.3979591836734694,25,0
24.0,2,0.14269406083520436,7,12.0,4,0,3,4,1,0.0,0.0,0.3979591836734694,38,0
61.0,2,0.02551140626227226,11,9.0,2,0,0,4,1,0.0,0.0,0.3979591836734694,38,0
29.0,2,0.14116315979058952,11,9.0,4,2,1,4,1,0.0,0.0,0.47959183673469385,38,0
34.0,2,0.09521784701552162,11,9.0,2,6,3,4,1,0.0,0.0,0.3979591836734694,38,1
32.0,2,0.07746115533262736,11,9.0,4,7,4,2,0,0.0,0.0,0.19387755102040816,38,0
47.0,1,0.09146405869559919,11,9.0,2,10,0,4,1,0.0,0.0,0.5,38,0
50.0,2,0.12422642439474903,12,14.0,2,3,0,4,1,0.0,0.0,0.5,38,1
58.0,4,0.19195440745124273,15,10.0,2,3,0,4,1,0.0,0.0,0.3979591836734694,38,1
25.0,2,0.11326771877462916,11,9.0,4,7,1,4,1,0.0,0.0,0.3979591836734694,38,0
46.0,0,0.236931481175537,11,9.0,0,0,4,4,0,0.0,0.0,0.3979591836734694,38,1
59.0,1,0.40283416434876107,0,6.0,2,7,5,4,0,0.0,0.0,0.14285714285714285,38,0
44.0,4,0.15861516086310049,15,10.0,0,9,2,4,1,0.0,0.0,0.3979591836734694,38,0
57.0,2,0.10075712231229027,11,9.0,5,11,1,4,0,0.0,0.47084481175390264,0.4489795918367347,38,0
45.0,2,0.21118309332741106,11,9.0,2,2,0,4,1,0.0,0.0,0.24489795918367346,38,0
40.0,2,0.033549821654429386,9,13.0,2,9,5,4,0,0.0,0.0,0.3979591836734694,38,0
74.0,2,0.13517700493192536,15,10.0,6,0,1,4,0,0.0,0.0,0.35714285714285715,38,0
41.0,2,0.12926871545147023,11,9.0,2,2,0,4,1,0.0,0.4366391184573003,0.3979591836734694,38,0
46.0,2,0.06482123463343688,15,10.0,0,3,4,4,0,0.0,0.0,0.3979591836734694,38,0
34.0,2,0.07115676805867394,1,7.0,2,3,0,4,1,0.0,0.3624885215794307,0.3979591836734694,38,0
18.0,1,0.15688654946685915,11,9.0,4,0,3,2,1,0.0,0.0,0.14285714285714285,38,0
49.0,2,0.18842812145373983,14,15.0,2,3,0,4,1,0.0,0.0,0.3979591836734694,8,1
37.0,4,0.0761327042713561,15,10.0,2,2,0,4,1,0.0,0.0,0.3979591836734694,38,0
41.0,2,0.11769859733984785,8,11.0,2,9,0,4,1,0.0,0.0,0.3979591836734694,38,1
41.0,2,0.22625715345844155,15,10.0,2,13,0,4,1,0.0,0.0,0.3979591836734694,38,1
33.0,2,0.1306107083176474,15,10.0,2,13,0,4,1,0.0,0.0,0.4387755102040816,38,0
37.0,3,0.12103597515891308,11,9.0,2,11,0,4,1,0.0,0.4366391184573003,0.6020408163265306,4,0
35.0,2,0.11245588757051896,11,9.0,4,2,1,4,1,0.0,0.0,0.3979591836734694,38,0
68.0,2,0.07272490906678006,15,10.0,2,3,5,4,0,1.0,0.0,0.4489795918367347,38,0
27.0,2,0.06663109685911377,15,10.0,4,9,1,4,0,0.0,0.0,0.3979591836734694,38,0
36.0,2,0.1141452277325331,15,10.0,2,0,0,4,1,0.0,0.0,0.47959183673469385,38,0
52.0,1,0.12627936201848727,12,14.0,2,9,0,4,1,0.0,0.0,0.3979591836734694,38,0
32.0,2,0.10470929807408451,11,9.0,2,5,0,2,1,0.0,0.459366391184573,0.5,38,0
47.0,2,0.0363847985114848,1,7.0,0,7,1,4,0,0.0,0.20202020202020202,0.29591836734693877,20,0
62.0,0,0.07920195435328402,9,13.0,6,0,1,4,0,0.0,0.0,0.19387755102040816,38,0
59.0,5,0.06455649234752604,14,15.0,2,9,0,4,1,0.0,0.5183654729109275,0.19387755102040816,38,1
23.0,2,0.07984451299607016,11,9.0,4,2,3,2,1,0.0,0.0,0.3979591836734694,38,0
61.0,2,0.11556237761593817,15,10.0,0,0,1,4,0,0.0,0.0,0.3979591836734694,38,0
46.0,2,0.23365910402002021,8,11.0,2,2,0,4,1,0.0,0.0,0.3979591836734694,38,1
32.0,3,0.12717244405203304,11,9.0,2,4,0,4,1,0.0,0.4366391184573003,0.6020408163265306,4,0
36.0,2,0.1141452277325331,7,12.0,4,0,3,4,1,0.0,0.42424242424242425,0.41836734693877553,38,0
50.0,2,0.037817521470531676,1,7.0,2,9,0,4,1,0.0,0.0,0.3979591836734694,38,0
34.0,1,0.13252077989962815,12,14.0,4,11,3,4,1,0.0,0.0,0.3979591836734694,38,0
62.0,4,0.05606781194224691,5,4.0,2,3,0,4,1,0.0,0.0,0.3979591836734694,38,0
36.0,2,0.08510211875079558,9,13.0,2,3,0,4,1,0.15024150241502415,0.0,0.5510204081632653,38,1
37.0,5,0.15023752325804993,0,6.0,0,7,4,4,1,0.0,0.0,0.19387755102040816,38,0
28.0,2,0.13251536317766577,11,9.0,2,7,5,4,0,0.0,0.0,0.3979591836734694,38,0
18.0,2,0.10294480089484247,11,9.0,4,2,3,4,1,0.0,0.0,0.24489795918367346,38,0
21.0,2,0.06396336129264653,11,9.0,4,9,1,4,1,0.0,0.0,0.24489795918367346,38,0
43.0,4,0.2048143824801545,11,9.0,2,3,0,4,1,0.0,0.0,0.3979591836734694,38,0
31.0,2,0.08763511335844887,8,11.0,2,9,5,1,0,0.03103031030310303,0.0,0.3979591836734694,19,0
17.0,2,0.08365449980635219,1,7.0,4,5,3,4,1,0.0,0.0,0.24489795918367346,38,0
71.0,4,0.2174637824427791,15,10.0,2,2,0,4,1,0.0,0.0,0.3979591836734694,38,1
55.0,2,0.12658743808009706,10,16.0,2,3,0,4,1,0.0,0.0,0.6020408163265306,38,1
36.0,0,0.1174358863246729,11,9.0,4,7,2,4,1,0.0,0.0,0.14285714285714285,38,0
27.0,4,0.22454343804759674,6,5.0,5,5,4,4,0,0.0,0.0,0.24489795918367346,38,0
48.0,1,0.12020586251817987,12,14.0,2,3,5,4,0,0.0,0.5544077134986226,0.29591836734693877,38,0
42.0,2,0.037400433879429186,15,10.0,4,0,3,4,0,0.0,0.0,0.16326530612244897,38,0
57.0,2,0.022484135775552708,6,5.0,2,2,0,4,1,0.0,0.0,0.3979591836734694,38,0
35.0,4,0.0761327042713561,14,15.0,2,9,0,1,1,0.15024150241502415,0.0,0.3979591836734694,18,1
24.0,2,0.20850520140726436,7,12.0,4,9,1,4,0,0.033250332503325035,0.0,0.29591836734693877,38,0
21.0,2,0.11105092531152923,2,8.0,4,7,3,4,1,0.0,0.0,0.19387755102040816,38,0
51.0,3,0.18174388655217522,1,7.0,2,5,0,4,1,0.0,0.3838383838383838,0.6020408163265306,38,0
23.0,2,0.1283160494763384,15,10.0,4,2,1,4,1,0.0,0.0,0.4489795918367347,38,0
28.0,5,0.3036323183299163,9,13.0,2,3,0,4,1,0.0,0.0,0.5,1,1
21.0,2,0.06396336129264653,15,10.0,4,2,3,4,1,0.0,0.0,0.19387755102040816,38,0
62.0,2,0.10438023221487053,11,9.0,2,2,0,4,1,0.0,0.0,0.6020408163265306,38,1
59.0,1,0.1699117345156232,11,9.0,0,0,1,4,0,0.0,0.0,0.3979591836734694,38,0
24.0,2,0.10766005736308558,15,10.0,2,11,0,4,1,0.0,0.0,0.3469387755102041,38,0
30.0,2,0.209601410514399,1,7.0,0,4,1,2,0,0.0,0.0,0.4489795918367347,38,0
24.0,2,0.13383907460721994,15,10.0,2,12,0,4,1,0.0,0.0,0.3469387755102041,38,0
21.0,2,0.08809756599598621,2,8.0,4,11,3,2,0,0.0,0.0,0.14285714285714285,38,0
31.0,2,0.2757497420286165,7,12.0,2,0,5,1,0,0.0,0.0,0.37755102040816324,29,0
59.0,2,0.09837037919762097,15,10.0,2,3,0,4,1,0.0,0.0,0.5,38,0
23.0,5,0.16968558637369424,9,13.0,4,0,3,4,1,0.04650046500465005,0.0,0.3979591836734694,22,0
46.0,0,0.15227353362565577,15,10.0,5,9,3,4,1,0.0,0.0,0.3469387755102041,38,0
31.0,2,0.022790180566426614,11,9.0,4,3,1,4,0,0.0,0.42424242424242425,0.5,38,0
63.0,2,0.11511956059551441,11,9.0,4,11,1,4,1,0.0,0.0,0.3979591836734694,38,0
47.0,3,0.03321398489276245,10,16.0,2,9,0,4,1,0.15024150241502415,0.0,0.3979591836734694,38,1
64.0,4,0.07353335481966379,0,6.0,2,4,0,4,1,0.0,0.0,1.0,38,0
31.0,2,0.1441870448260826,15,10.0,5,0,1,4,1,0.0,0.0,0.3673469387755102,38,0
62.0,2,0.13132233016545378,11,9.0,0,11,1,4,0,0.0,0.0,0.3979591836734694,38,0
25.0,2,0.11326771877462916,11,9.0,0,2,1,4,1,0.0,0.0,0.47959183673469385,38,0
40.0,1,0.2362977247059397,9,13.0,2,9,0,4,1,0.07298072980729807,0.0,0.3979591836734694,38,1
31.0,5,0.06674891056179531,9,13.0,2,9,5,4,0,0.0,0.0,0.3469387755102041,38,1
63.0,2,0.13725702616547544,9,13.0,6,11,1,4,0,0.0,0.0,0.3979591836734694,38,0
20.0,0,0.02605917227071693,15,10.0,4,9,1,4,1,0.0,0.0,0.09183673469387756,38,0
54.0,4,0.1519228008785923,9,13.0,0,3,1,4,0,0.0,0.0,0.3979591836734694,38,0
47.0,2,0.0754826976358717,1,7.0,0,0,4,4,0,0.0,0.0,0.47959183673469385,38,0
34.0,2,0.028003098364962474,0,6.0,2,7,5,4,0,0.0,0.0,0.3979591836734694,38,0
29.0,4,0.22454343804759674,15,10.0,4,10,1,4,1,0.13550135501355012,0.0,0.3979591836734694,38,1
41.0,2,0.12926871545147023,9,13.0,4,3,1,4,1,0.0,0.0,0.5,38,0
34.0,2,0.07115676805867394,9,13.0,4,3,1,4,0,0.0,0.0,0.5,38,0
40.0,2,0.17649440588039336,11,9.0,2,6,5,4,0,0.0,0.0,0.3979591836734694,38,0
24.0,2,0.11960866892182857,9,13.0,2,11,0,4,1,0.0,0.0,0.19387755102040816,38,0
61.0,5,0.07920195435328402,9,13.0,6,11,4,4,0,0.0,0.0,0.5510204081632653,38,1
38.0,1,0.06206818569606232,11,9.0,2,10,0,4,1,0.07688076880768807,0.4366391184573003,0.19387755102040816,38,1
51.0,2,0.12391360870142216,12,14.0,2,3,0,4,1,0.0,0.0,0.5,38,1
40.0,2,0.06624921796076669,9,13.0,4,6,1,4,0,0.0,0.0,0.3979591836734694,38,0
38.0,2,0.39023825451551486,11,9.0,2,13,0,4,1,0.0,0.0,0.3979591836734694,38,0
51.0,3,0.22732492477527375,11,9.0,2,11,0,4,1,0.0,0.0,0.6020408163265306,38,0
57.0,2,0.16501230950065948,11,9.0,2,6,0,4,1,0.0,0.0,0.3979591836734694,38,0
25.0,2,0.05798194606569942,8,11.0,4,11,3,4,1,0.0,0.0,0.6020408163265306,38,0
36.0,2,0.0501236366787911,11,9.0,4,0,3,4,1,0.0,0.0,0.3979591836734694,38,0
25.0,2,0.2148800060667286,11,9.0,5,5,1,2,1,0.0,0.0,0.3979591836734694,38,0
26.0,1,0.10629639760905893,11,9.0,2,13,0,4,1,0.0,0.0,0.5510204081632653,38,0
49.0,3,0.2183006659859653,11,9.0,2,3,0,4,1,0.0,0.0,0.5,38,0
25.0,2,0.21794451651693944,15,10.0,4,0,1,0,0,0.0,0.0,0.29591836734693877,38,0
38.0,2,0.2593953042437308,15,10.0,2,12,5,4,0,0.0,0.0,0.3979591836734694,38,1
40.0,2,0.09471138351204002,15,10.0,2,11,0,4,1,0.0,0.0,0.4489795918367347,38,0
24.0,2,0.1791838083347101,7,12.0,4,0,1,4,1,0.0,0.0,0.4489795918367347,38,0
20.0,2,0.25342607664119904,11,9.0,4,5,4,4,1,0.0,0.0,0.3469387755102041,38,0
37.0,2,0.09362262239760365,11,9.0,5,5,4,4,0,0.0,0.0,0.7040816326530612,38,0
28.0,4,0.13209015050361972,11,9.0,2,4,0,4,1,0.0,0.0,0.5,38,1
31.0,2,0.032375747169085686,0,2.0,4,5,1,1,1,0.0,0.0,0.3979591836734694,29,0
39.0,2,0.10884225693137284,9,13.0,2,3,0,4,1,0.15024150241502415,0.0,0.6020408163265306,38,1
42.0,4,0.009309990872823493,15,10.0,6,0,4,4,0,0.0,0.0,0.3979591836734694,38,0
17.0,2,0.029678219631825407,1,7.0,4,2,3,4,1,0.0,0.0,0.17346938775510204,38,0
35.0,2,0.22239096815779993,15,10.0,4,3,4,4,1,0.0,0.0,0.4387755102040816,38,0
28.0,2,0.08749360149718195,9,13.0,4,3,3,4,0,0.0,0.0,0.3979591836734694,38,0
32.0,2,0.10460908871778066,11,9.0,2,5,0,4,1,0.0,0.0,0.5714285714285714,38,0
43.0,4,0.15861516086310049,9,13.0,2,11,0,4,1,0.0,0.0,0.6020408163265306,38,1
41.0,2,0.14871474729637865,15,10.0,0,6,1,4,1,0.0,0.0,0.47959183673469385,38,0
49.0,5,0.13073597001302723,11,9.0,2,5,0,4,1,0.0,0.0,0.3979591836734694,38,1
33.0,4,0.260938392912761,11,9.0,2,13,0,2,1,0.0,0.0,0.6020408163265306,38,0
47.0,4,0.10935210588608092,6,5.0,2,6,0,4,1,0.0,0.0,0.29591836734693877,38,1
29.0,2,0.09474117548283305,15,10.0,2,11,0,4,1,0.0,0.0,0.3979591836734694,38,0
35.0,2,0.10608785381350767,11,9.0,0,6,1,4,1,0.0,0.0,0.19387755102040816,38,0
46.0,2,0.06482123463343688,15,10.0,4,3,1,4,1,0.0,0.0,0.5,38,0
36.0,2,0.07663510523336592,14,15.0,2,9,0,4,1,0.0,0.0,0.3979591836734694,38,1
46.0,2,0.059996966635701074,9,13.0,2,13,0,4,1,0.0,0.0,0.5,38,1
41.0,2,0.22625715345844155,15,10.0,2,6,0,4,1,0.0,0.0,0.5,38,0
55.0,0,0.062492721279863064,9,13.0,0,10,4,4,0,0.0,0.0,0.5510204081632653,38,0
18.0,2,0.175654813976226,0,6.0,4,7,3,2,0,0.0,0.0,0.19387755102040816,38,0
31.0,5,0.13364001007510284,9,13.0,4,4,1,4,1,0.0,0.0,0.47959183673469385,38,0
32.0,2,0.07240396829050963,11,9.0,5,2,1,4,1,0.0,0.3838383838383838,0.4387755102040816,38,0
33.0,2,0.10123243966448824,11,9.0,4,5,4,4,1,0.0,0.0,0.3979591836734694,38,0
26.0,3,0.09942934834126432,11,9.0,4,4,1,4,0,0.0,0.0,0.29591836734693877,38,0
45.0,2,0.1254424784753011,14,15.0,2,9,0,4,1,0.0,0.0,0.3469387755102041,38,0
60.0,0,0.18990959491044804,15,10.0,6,9,4,4,0,0.0,0.0,0.3979591836734694,38,0
44.0,2,0.1723512906694256,15,10.0,2,2,0,4,1,0.0,0.0,0.3979591836734694,38,1
41.0,2,0.10846308639400694,12,14.0,2,9,5,4,0,0.0,0.0,0.5,38,1
65.0,2,0.062094592215628866,11,9.0,0,7,1,4,0,0.0,0.0,0.3979591836734694,38,0
62.0,4,0.017684243026647565,15,10.0,2,4,0,4,1,0.0,0.0,1.0,38,0
26.0,3,0.020624845961969195,9,13.0,4,9,1,4,0,0.0,0.0,0.3979591836734694,38,0
57.0,3,0.02540713436449664,11,9.0,5,0,3,4,0,0.0,0.0,0.5,31,0
62.0,3,0.10138884751115168,9,13.0,2,3,5,4,0,0.0,0.14348025711662074,0.3469387755102041,38,0
52.0,2,0.11698765258228677,9,13.0,0,0,1,4,0,0.0,0.14348025711662074,0.35714285714285715,38,0
24.0,2,0.11960866892182857,8,11.0,2,0,0,4,1,0.0,0.0,0.3979591836734694,38,0
38.0,1,0.16166071278644303,11,9.0,4,0,1,4,1,0.0,0.0,0.29591836734693877,38,0
26.0,2,0.22130220704336356,6,6.0,5,8,4,4,0,0.0,0.0,0.3979591836734694,38,0
63.0,2,0.13739582966576117,15,10.0,2,2,0,4,1,0.0,0.0,0.3979591836734694,38,0
21.0,2,0.14013195134700335,11,9.0,4,6,3,4,1,0.0,0.0,0.3979591836734694,38,0
28.0,2,0.10953288898157502,11,9.0,2,6,0,4,1,0.0,0.0,0.5510204081632653,38,0
25.0,2,0.12769854317262821,11,9.0,4,10,1,4,0,0.0,0.0,0.3979591836734694,38,0
31.0,2,0.13274083422934943,7,12.0,3,5,1,4,1,0.024630246302463025,0.0,0.3979591836734694,38,0
20.0,2,0.11969669065371709,11,9.0,5,7,3,4,1,0.0,0.0,0.09183673469387756,30,0
41.0,2,0.256397148637559,11,9.0,4,3,4,4,0,0.0,0.0,0.3979591836734694,38,0
31.0,2,0.008204979592500007,8,11.0,0,2,1,4,1,0.0,0.0,0.2755102040816326,38,0
32.0,2,0.07746115533262736,15,10.0,5,0,4,4,0,0.0,0.0,0.4387755102040816,38,0
27.0,2,0.23282154338658873,8,11.0,4,0,1,4,0,0.0,0.0,0.6020408163265306,38,0
35.0,2,0.13989090721967787,15,10.0,4,13,3,4,1,0.0,0.0,0.6020408163265306,38,0
41.0,2,0.256397148637559,11,9.0,0,2,4,2,1,0.0,0.0,0.3469387755102041,38,0
34.0,2,0.09718411708786194,7,12.0,2,11,0,4,1,0.03942039420394204,0.0,0.3979591836734694,38,0
38.0,2,0.24306998133939284,11,9.0,6,3,4,4,0,0.0,0.0,0.3979591836734694,38,1
31.0,2,0.13274083422934943,15,10.0,2,0,0,4,1,0.0,0.0,0.3979591836734694,38,0
41.0,2,0.29115963892131397,9,13.0,2,7,0,4,1,0.0,0.0,0.3979591836734694,38,0
38.0,2,0.24306998133939284,11,9.0,4,2,1,1,0,0.0,0.0,0.3979591836734694,38,0
49.0,2,0.11573909816996049,9,13.0,0,0,1,4,0,0.0,0.0,0.3979591836734694,38,0
23.0,5,0.17920073559084249,11,9.0,4,0,3,2,1,0.0,0.0,0.3979591836734694,38,0
48.0,4,0.24807977206433982,1,7.0,2,6,0,4,1,0.0,0.0,0.3979591836734694,38,0
34.0,2,0.06576577552562515,15,10.0,0,2,1,4,1,0.0,0.0,0.3979591836734694,38,0
33.0,2,0.07021019589574977,9,13.0,2,3,0,4,1,0.0,0.0,0.5,38,1
49.0,3,0.1580321861619004,9,13.0,2,11,0,4,1,0.0,0.3838383838383838,0.47959183673469385,38,1
53.0,1,0.21025615678160048,2,8.0,0,7,1,4,0,0.13550135501355012,0.0,0.7040816326530612,38,1
28.0,2,0.11206926904045479,8,11.0,0,7,1,4,1,0.0,0.0,0.3979591836734694,38,0
24.0,2,0.10226567937881033,2,8.0,4,7,1,3,0,0.0,0.0,0.19387755102040816,38,0
20.0,2,0.25342607664119904,1,7.0,4,8,3,4,0,0.0,0.0,0.14285714285714285,38,0
35.0,2,0.05563041164378553,11,9.0,4,6,3,1,1,0.0,0.0,0.3979591836734694,38,0
21.0,5,0.01690220379333039,15,10.0,4,7,1,4,1,0.0,0.0,0.3979591836734694,38,0
40.0,2,0.21884572363342875,15,10.0,2,11,0,4,1,0.0,0.0,0.3979591836734694,38,0
58.0,4,0.16774098318920339,15,10.0,2,3,0,4,1,0.0,0.0,0.46938775510204084,38,1
53.0,1,0.1017822369436688,1,7.0,2,5,5,4,0,0.0,0.47084481175390264,0.29591836734693877,38,0
32.0,2,0.12977111641348005,11,9.0,2,4,5,4,0,0.0,0.0,0.4489795918367347,38,0
43.0,2,0.1416906130916753,11,9.0,4,5,2,4,1,0.0,0.0,0.23469387755102042,38,0
40.0,2,0.17649440588039336,11,9.0,2,6,0,4,1,0.0,0.0,0.3979591836734694,38,0
28.0,2,0.11520487396642175,11,9.0,2,6,0,4,1,0.0,0.0,0.5510204081632653,38,0
61.0,2,0.1524258789308474,11,9.0,2,7,0,4,1,0.0,0.39462809917355374,0.3979591836734694,38,0
54.0,2,0.12793146221701013,14,15.0,2,3,0,4,1,0.0,0.0,0.6020408163265306,38,1
56.0,2,0.132566144946063,12,14.0,2,3,0,4,1,0.0,0.0,0.6020408163265306,38,0
34.0,0,0.05013379303247054,10,16.0,4,9,1,4,1,0.0,0.0,0.3979591836734694,38,0
50.0,4,0.10996284128733815,9,13.0,6,3,4,4,0,0.04934049340493405,0.14348025711662074,0.19387755102040816,38,1
38.0,2,0.1200372670471011,11,9.0,2,6,3,4,1,0.0,0.0,0.47959183673469385,38,0
26.0,2,0.0935955387877918,15,10.0,4,5,3,4,1,0.0,0.0,0.3979591836734694,32,0
48.0,2,0.1625720762566118,9,13.0,0,3,4,2,0,0.0,0.0,0.3979591836734694,38,0
46.0,2,0.28093354494660466,9,13.0,2,11,0,4,1,0.15024150241502415,0.0,0.3979591836734694,38,1
46.0,2,0.06029488634363143,9,13.0,2,9,0,4,1,0.0,0.0,0.3979591836734694,38,1
49.0,4,0.05183125827742825,5,4.0,2,2,0,1,1,0.0,0.0,0.3979591836734694,34,0
40.0,2,0.04366081028743835,0,6.0,3,13,4,4,1,0.0,0.0,0.6020408163265306,38,1
28.0,2,0.0597748810352439,15,10.0,0,11,1,4,0,0.0,0.0,0.3979591836734694,38,0
18.0,1,0.1544172013422637,11,9.0,4,0,3,4,1,0.0,0.0,0.3469387755102041,38,0
40.0,4,0.00763148415473408,8,11.0,6,2,1,4,1,0.0,0.0,0.3979591836734694,38,0
18.0,2,0.14611878329591282,1,7.0,4,5,3,4,1,0.0,0.0,0.19387755102040816,38,0
25.0,2,0.010143488964783183,8,11.0,4,7,1,4,0,0.0,0.0,0.19387755102040816,38,0
24.0,2,0.10766005736308558,9,13.0,4,11,1,4,1,0.0,0.0,0.3877551020408163,38,0
30.0,2,0.19159013289927335,9,13.0,4,5,3,4,1,0.0,0.0,0.3979591836734694,38,0
49.0,5,0.16908500732611645,9,13.0,2,11,0,4,1,0.0,0.0,0.3979591836734694,38,0
55.0,1,0.21025615678160048,9,13.0,2,9,5,4,0,0.1060510605106051,0.0,0.5,28,1
33.0,2,0.0977684459695526,7,12.0,2,11,0,4,1,0.04064040640406404,0.0,0.3979591836734694,38,1
48.0,4,0.1558248719622346,11,9.0,4,0,3,4,0,0.0,0.0,0.19387755102040816,38,0
37.0,2,0.07656333366736452,12,14.0,2,3,0,4,1,0.0,0.0,0.4489795918367347,38,1
26.0,1,0.07015805994686196,15,10.0,4,9,3,4,1,0.0,0.0,0.47959183673469385,38,0
17.0,2,0.1485590165399605,1,7.0,4,0,3,4,0,0.0,0.0,0.11224489795918367,38,0
19.0,2,0.1437347485422247,15,10.0,4,11,1,2,0,0.0,0.0,0.3469387755102041,38,0
49.0,2,0.18842812145373983,1,7.0,0,7,4,2,0,0.0,0.0,0.3979591836734694,38,0
25.0,2,0.2594210336730521,9,13.0,2,11,0,1,1,0.0,0.0,0.6020408163265306,29,0
35.0,0,0.14450730851210772,15,10.0,4,0,1,4,1,0.0,0.0,0.3979591836734694,38,0
28.0,2,0.09219260779953796,0,5.0,4,2,1,4,1,0.0,0.0,0.3979591836734694,10,0
29.0,2,0.12280859742109868,14,15.0,4,9,1,4,0,0.0,0.0,0.3979591836734694,38,0
31.0,2,0.10039420194081147,15,10.0,2,11,0,4,1,0.0,0.0,0.5714285714285714,38,1
42.0,2,0.1282273506542046,11,9.0,4,0,1,4,1,0.0,0.0,0.47959183673469385,38,0
28.0,2,0.06545566819327947,9,13.0,2,3,0,4,1,0.0,0.0,0.5510204081632653,38,1
49.0,4,0.24807977206433982,11,9.0,2,11,0,4,1,0.0,0.0,0.4489795918367347,38,0
43.0,2,0.28696845030293017,9,13.0,2,11,0,4,1,0.0,0.0,0.47959183673469385,1,0
18.0,5,0.15688654946685915,0,6.0,4,9,3,2,1,0.0,0.0,0.3979591836734694,38,0
26.0,2,0.2517326739377131,0,5.0,2,4,5,1,0,0.0,0.0,0.3979591836734694,34,1
34.0,2,0.07115676805867394,9,13.0,4,11,1,4,1,0.0,0.0,0.3979591836734694,38,0
20.0,2,0.15695290431089817,11,9.0,4,2,4,4,1,0.0,0.0,0.3979591836734694,38,0
31.0,2,0.06468107695266055,15,10.0,6,6,1,4,1,0.0,0.0,0.3979591836734694,38,0
58.0,3,0.11259265980006879,9,13.0,2,11,0,4,1,0.0,0.0,0.5,38,1
43.0,2,0.10376272591116034,15,10.0,2,11,2,1,1,0.0,0.0,0.4489795918367347,2,1
40.0,2,0.013313625493260244,11,9.0,4,7,3,4,1,0.0,0.0,0.4489795918367347,38,0
35.0,5,0.13289656498576757,11,9.0,4,7,4,4,1,0.0,0.0,0.3979591836734694,38,0
52.0,1,0.13018752691433724,12,14.0,2,11,5,4,0,0.0,0.0,0.32653061224489793,38,1
36.0,2,0.1835754156657016,15,10.0,4,2,1,4,1,0.0,0.0,0.3979591836734694,38,0
31.0,2,0.33474190674029797,1,7.0,0,8,4,4,0,0.0,0.0,0.3979591836734694,38,0
24.0,2,0.20850520140726436,7,12.0,4,0,3,4,1,0.0,0.0,0.3979591836734694,38,0
30.0,4,0.22454343804759674,9,13.0,4,3,1,4,1,0.0,0.0,0.5510204081632653,38,0
43.0,2,0.02784127379633667,10,16.0,2,9,0,4,1,0.0,0.0,0.5510204081632653,38,1
34.0,3,0.07171672169153394,15,10.0,5,3,1,4,1,0.0,0.0,0.6020408163265306,38,0
38.0,2,0.16885953627443281,12,14.0,4,3,1,4,0,0.0,0.0,0.4489795918367347,38,0
39.0,2,0.17922240247869198,11,9.0,2,13,0,4,1,0.0,0.0,0.3979591836734694,38,0
35.0,2,0.11245588757051896,12,14.0,4,0,1,4,1,0.0,0.0,0.3979591836734694,38,0
39.0,2,0.2916410500857196,14,15.0,2,9,5,4,0,0.0,0.0,0.23469387755102042,38,1
20.0,2,0.11969669065371709,2,8.0,4,7,3,4,0,0.0,0.0,0.3979591836734694,38,0
65.0,2,0.07272490906678006,5,4.0,5,7,1,4,0,0.0,0.0,0.3979591836734694,10,0
53.0,2,0.06856622078017047,6,5.0,0,7,1,4,0,0.0,0.0,0.3979591836734694,25,0
29.0,2,0.014083477102162085,11,9.0,4,7,1,4,1,0.0,0.0,0.24489795918367346,38,0
22.0,2,0.12849209294011543,15,10.0,4,0,3,4,1,0.0,0.0,0.3979591836734694,38,0
22.0,1,0.11477221329967743,15,10.0,4,7,1,4,1,0.0,0.0,0.19387755102040816,38,0
52.0,1,0.13018752691433724,12,14.0,2,9,0,4,1,0.0,0.0,0.19387755102040816,38,1
32.0,2,0.07033410341063899,11,9.0,5,11,4,4,0,0.0,0.0,0.3979591836734694,38,0
34.0,1,0.0963424939129587,7,12.0,0,4,4,4,0,0.0,0.0,0.3979591836734694,38,0
46.0,2,0.06482123463343688,15,10.0,4,9,1,4,1,0.0,0.0,0.3979591836734694,38,0
28.0,0,0.024755096458276345,9,13.0,4,12,1,4,1,0.0,0.0,0.24489795918367346,38,0
34.0,2,0.06725401988478633,9,13.0,4,9,1,4,0,0.0,0.0,0.3979591836734694,38,0
25.0,2,0.21794451651693944,7,12.0,4,0,1,4,0,0.0,0.0,0.3979591836734694,38,0
29.0,2,0.06543535548592058,15,10.0,2,3,0,4,1,0.0,0.0,0.3979591836734694,38,0
37.0,0,0.08635405861434836,8,11.0,2,10,5,1,0,0.07688076880768807,0.0,0.3979591836734694,18,1
47.0,2,0.0601364472262321,12,14.0,2,9,0,4,1,0.0,0.0,0.3979591836734694,38,1
36.0,2,0.03575849003458577,11,9.0,0,2,1,4,1,0.0,0.0,0.3979591836734694,38,0
34.0,1,0.08848892415776745,7,12.0,0,4,4,4,0,0.0,0.0,0.3979591836734694,38,0
35.0,2,0.17741795697497745,5,4.0,2,4,0,4,1,0.0,0.0,0.3979591836734694,38,0
47.0,4,0.06161318105122323,9,13.0,2,11,0,4,1,0.0,0.0,0.3979591836734694,38,1
49.0,1,0.09577306101666455,11,9.0,2,10,0,4,1,0.0,0.0,0.5,38,1
45.0,0,0.15227353362565577,11,9.0,2,7,0,4,1,0.0,0.0,0.24489795918367346,38,0
35.0,2,0.13636868376364675,11,9.0,0,0,3,4,1,0.0,0.0,0.29591836734693877,38,0
30.0,4,0.052280169110059664,1,7.0,4,7,1,0,1,0.0,0.0,0.3979591836734694,38,0
21.0,2,0.133089535705677,15,10.0,4,11,3,4,1,0.0,0.0,0.3979591836734694,38,0
39.0,2,0.06770157653692714,11,9.0,4,2,1,4,0,0.0,0.0,0.45918367346938777,38,0
53.0,4,0.09600191751957468,7,12.0,6,3,4,2,0,0.0,0.0,0.29591836734693877,38,0
36.0,3,0.315075143475423,15,10.0,2,3,5,4,0,0.0,0.3838383838383838,0.14285714285714285,38,0
31.0,2,0.07510826673022288,9,13.0,4,3,1,4,0,0.0,0.0,0.5,38,0
30.0,2,0.1002635235234693,11,9.0,2,7,5,4,0,0.0,0.0,0.4489795918367347,38,0
32.0,5,0.16893943292337776,8,11.0,2,3,0,4,1,0.03103031030310303,0.0,0.3979591836734694,38,0
68.0,2,0.16525403071823025,11,9.0,6,6,3,2,0,0.0,0.0,0.19387755102040816,38,0
37.0,0,0.13441121586449528,9,13.0,2,9,0,4,1,0.0,0.0,0.3979591836734694,38,1
22.0,2,0.29046223596865883,11,9.0,4,5,3,4,1,0.0,0.0,0.14285714285714285,38,0
53.0,1,0.17526277872419949,15,10.0,2,10,0,4,1,0.0,0.0,0.3979591836734694,38,1
24.0,2,0.14317885745083647,15,10.0,4,0,3,4,1,0.0,0.0,0.3979591836734694,38,0
77.0,3,0.05745652403534953,9,13.0,0,0,1,4,1,0.0,0.0,0.4489795918367347,38,0
48.0,2,0.21597350681288205,11,9.0,2,11,0,4,1,0.03137031370313703,0.0,0.3469387755102041,38,0
37.0,2,0.09362262239760365,11,9.0,2,6,0,4,1,0.0,0.0,0.6020408163265306,38,0
41.0,2,0.013432793376432384,11,9.0,2,7,5,4,0,0.0,0.0,0.3979591836734694,38,0
26.0,2,0.17304259980987305,15,10.0,4,5,1,4,1,0.024630246302463025,0.0,0.3979591836734694,38,0
35.0,2,0.13989090721967787,11,9.0,2,11,0,4,1,0.0,0.0,0.5510204081632653,38,0
40.0,2,0.104980134172203,11,9.0,2,2,0,4,1,0.0,0.0,0.4489795918367347,38,0
44.0,5,0.011735328131474675,7,12.0,2,10,0,4,1,1.0,0.0,0.5,38,1
28.0,2,0.09219260779953796,11,9.0,4,2,3,4,1,0.0,0.0,0.5,38,0
38.0,4,0.10495169638190056,11,9.0,2,2,0,4,1,0.0,0.0,0.3979591836734694,38,0
44.0,4,0.11970820118788712,15,10.0,2,11,5,4,0,0.0,0.0,0.24489795918367346,38,0
49.0,5,0.12834042472516907,14,15.0,2,4,0,4,1,0.0,0.0,0.47959183673469385,38,1
49.0,3,0.2183006659859653,12,14.0,2,3,0,4,1,0.0,0.0,0.6020408163265306,38,0
34.0,2,0.09521784701552162,12,14.0,0,5,1,4,1,0.0,0.0,0.4489795918367347,38,1
30.0,2,0.24403822039016648,9,13.0,2,11,0,4,1,0.0,0.0,0.3979591836734694,38,1
46.0,2,0.18216842213597598,9,13.0,2,9,0,4,1,0.0,0.0,0.3469387755102041,38,0
54.0,5,0.10314454251720487,15,10.0,6,3,4,3,0,0.0,0.0,0.3979591836734694,23,0
36.0,2,0.1141452277325331,11,9.0,2,0,0,4,1,0.0,0.0,0.5510204081632653,38,0
23.0,2,0.10251755695006053,9,13.0,2,11,0,4,1,0.0,0.0,0.3469387755102041,38,1
36.0,2,0.22714211040904375,15,10.0,2,11,0,4,1,0.0,0.0,0.4489795918367347,38,0
29.0,2,0.16465412876089777,9,13.0,4,12,3,4,1,0.0,0.0,0.3979591836734694,22,0
54.0,2,0.12874397051136563,11,9.0,2,13,0,4,1,0.07298072980729807,0.0,0.5,38,0
34.0,2,0.12322771628293705,11,9.0,2,0,0,4,1,0.0,0.0,0.47959183673469385,38,0
43.0,2,0.11566664951371379,9,13.0,2,9,0,4,1,0.0,0.0,0.47959183673469385,38,0
32.0,2,0.12157155354294241,11,9.0,2,2,0,4,1,0.0,0.0,0.5510204081632653,20,0
62.0,1,0.011932361392855886,11,9.0,2,10,0,4,1,0.15024150241502415,0.0,0.3979591836734694,38,1
52.0,2,0.056108437356964684,10,16.0,2,9,0,4,1,0.0,0.0,0.3979591836734694,38,1
17.0,2,0.1485590165399605,1,7.0,4,5,3,4,1,0.0,0.0,0.17346938775510204,28,0
33.0,2,0.20368093340952856,0,6.0,0,2,1,4,0,0.0,0.0,0.4489795918367347,38,0
18.0,2,0.175654813976226,0,6.0,4,7,3,2,1,0.0,0.0,0.07142857142857142,38,0
49.0,2,0.12835938325203736,14,15.0,2,3,0,4,1,0.0,0.0,0.6020408163265306,38,1
34.0,2,0.12539779051911154,0,2.0,3,7,1,4,1,0.0,0.0,0.3979591836734694,38,0
29.0,2,0.14116315979058952,11,9.0,2,11,0,4,1,0.0,0.0,0.5,38,0
54.0,1,0.11006372773388728,12,14.0,2,10,0,4,1,0.07298072980729807,0.0,0.3979591836734694,38,1
35.0,2,0.13728952649724965,8,11.0,4,11,1,4,1,0.0,0.0,0.3979591836734694,38,0
30.0,2,0.1002635235234693,9,13.0,4,5,1,4,1,0.0,0.0,0.29591836734693877,38,0
42.0,2,0.1282273506542046,1,7.0,2,0,0,4,1,0.0,0.0,0.3979591836734694,38,0
32.0,3,0.010672296446359556,15,10.0,2,4,0,4,1,0.0,0.0,0.3979591836734694,38,0
33.0,2,0.008204979592500007,10,16.0,2,3,0,1,1,0.15024150241502415,0.0,0.5510204081632653,2,1
52.0,5,0.06505144531683761,15,10.0,5,3,1,4,0,0.0,0.0,0.3979591836734694,31,0
30.0,2,0.08062316677816087,15,10.0,5,11,4,2,0,0.0,0.0,0.3673469387755102,38,0
40.0,3,0.053181376226548976,11,9.0,2,2,0,4,1,0.0,0.0,0.3979591836734694,38,0
43.0,4,0.11970820118788712,15,10.0,3,3,4,4,0,0.0,0.0,0.24489795918367346,38,0
49.0,3,0.12037648925999453,11,9.0,2,3,0,4,1,0.15024150241502415,0.0,0.6020408163265306,38,1
19.0,2,0.17344682268631492,15,10.0,4,9,1,4,1,0.0,0.459366391184573,0.3979591836734694,38,0
44.0,2,0.09377225934181412,12,14.0,2,3,0,4,1,0.0,0.0,0.5,38,1
46.0,2,0.0903421201591433,9,13.0,4,3,1,4,0,0.0,0.0,0.6020408163265306,38,0
20.0,2,0.15695290431089817,15,10.0,4,0,1,4,0,0.0,0.0,0.3469387755102041,38,0
34.0,2,0.11869798254190511,11,9.0,4,0,1,4,0,0.0,0.0,0.3979591836734694,38,0
47.0,2,0.20170721534449,11,9.0,0,6,1,2,1,0.0,0.0,0.3979591836734694,38,0
46.0,2,0.18216842213597598,11,9.0,5,6,1,2,0,0.0,0.0,0.6020408163265306,38,0
43.0,4,0.11314651962072113,6,5.0,2,2,0,4,1,0.0,0.0,0.3979591836734694,38,0
23.0,2,0.03520124476270695,11,9.0,5,0,4,4,0,0.0,0.0,0.3979591836734694,38,0
40.0,2,0.033549821654429386,9,13.0,2,3,0,4,1,0.0,0.0,0.5510204081632653,38,0
46.0,2,0.07756407304991239,11,9.0,2,13,0,4,1,0.0,0.0,0.5510204081632653,38,0
21.0,2,0.13270359426585812,0,5.0,4,2,3,4,1,0.0,0.0,0.3979591836734694,38,0
62.0,2,0.007463565773900609,5,4.0,2,7,0,4,1,0.0,0.6322314049586777,0.3979591836734694,38,0
28.0,2,0.17677946087366309,11,9.0,2,3,0,4,1,0.0,0.0,0.7551020408163265,38,0
58.0,2,0.0662823953827862,11,9.0,2,2,0,4,1,0.0,0.0,0.3979591836734694,38,0
43.0,1,0.1416906130916753,11,9.0,4,0,1,4,1,0.0,0.0,0.47959183673469385,38,0
34.0,2,0.13257765548023304,11,9.0,4,0,2,1,1,0.0,0.0,0.14285714285714285,38,0
20.0,1,0.06598515276510114,15,10.0,4,13,3,4,0,0.0,0.0,0.29591836734693877,38,0
35.0,2,0.11238953272647992,7,12.0,4,13,4,4,1,0.023540235402354025,0.0,0.6122448979591837,38,1
24.0,2,0.13383907460721994,9,13.0,4,4,3,4,1,0.0,0.0,0.3979591836734694,38,0
24.0,2,0.12182478529468321,15,10.0,2,0,0,4,1,0.0,0.0,0.3469387755102041,38,0
28.0,2,0.06386315193634268,15,10.0,4,2,1,4,1,0.0,0.0,0.3979591836734694,38,0
58.0,5,0.06455649234752604,9,13.0,2,10,0,4,1,0.0,0.0,0.19387755102040816,38,1
50.0,4,0.05215829286590634,11,9.0,2,9,0,4,1,0.0,0.0,0.6020408163265306,38,0
39.0,2,0.07859731276423447,14,15.0,2,12,0,4,1,0.0,0.0,0.3979591836734694,38,1
29.0,2,0.09474117548283305,15,10.0,4,5,3,4,1,0.0,0.0,0.3979591836734694,32,0
54.0,2,0.0691376849472005,6,5.0,2,9,0,4,1,0.02885028850288503,0.0,0.3979591836734694,38,0
22.0,2,0.12557586525362446,15,10.0,4,2,1,2,1,0.0,0.0,0.3979591836734694,38,0
24.0,2,0.10262115175759086,15,10.0,4,7,3,2,0,0.0,0.0,0.3979591836734694,23,0
52.0,3,0.0741826843649029,1,7.0,2,2,0,4,1,0.0,0.0,0.5,38,0
28.0,2,0.16142711665181583,9,13.0,4,3,3,4,1,0.0,0.0,0.3979591836734694,38,0
25.0,0,0.0495988917386865,11,9.0,0,2,1,4,1,0.0,0.0,0.3979591836734694,38,0
35.0,2,0.13728952649724965,10,16.0,4,3,3,2,1,0.0,0.45385674931129477,0.3469387755102041,38,0
41.0,4,0.08131312173811775,11,9.0,2,11,0,4,1,0.0,0.0,0.5,38,0
37.0,4,0.0761327042713561,1,7.0,2,2,0,4,1,0.0,0.0,0.4489795918367347,38,0
47.0,2,0.20170721534449,11,9.0,0,0,1,4,1,0.0,0.0,0.5204081632653061,38,0
43.0,1,0.10376272591116034,15,10.0,0,3,4,4,0,0.0,0.0,0.3163265306122449,38,0
34.0,2,0.028003098364962474,11,9.0,2,12,0,4,1,0.0,0.0,0.7244897959183674,38,0
47.0,2,0.059713942913167235,11,9.0,2,2,0,4,1,0.0,0.0,0.3979591836734694,38,0
34.0,1,0.0963424939129587,13,6.0,4,7,1,4,1,0.0,0.0,0.3979591836734694,38,0
41.0,2,0.29115963892131397,11,9.0,2,13,0,2,1,0.0,0.0,0.3979591836734694,38,1
80.0,4,0.014401032427206027,5,4.0,2,4,0,4,1,0.0,0.0,0.3979591836734694,38,0
26.0,2,0.06010665525543907,6,5.0,4,5,3,2,0,0.0,0.0,0.3979591836734694,38,0
28.0,2,0.08749360149718195,11,9.0,4,0,3,4,0,0.0,0.0,0.3979591836734694,38,0
40.0,2,0.1303784663635108,15,10.0,2,2,0,4,1,0.0,0.0,0.24489795918367346,38,0
22.0,2,0.12668426198517443,11,9.0,2,6,5,4,0,0.03908039080390804,0.0,0.3979591836734694,38,0
33.0,2,0.07021019589574977,9,13.0,4,11,1,4,1,0.0,0.0,0.3979591836734694,38,0
31.0,2,0.2757497420286165,15,10.0,5,7,4,4,0,0.0,0.0,0.3979591836734694,38,0
38.0,1,0.21539391756290846,15,10.0,5,0,1,1,0,0.0,0.0,0.3979591836734694,38,0
61.0,5,0.09473575876087069,12,14.0,2,9,0,4,1,0.03103031030310303,0.0,0.19387755102040816,38,1
31.0,2,0.07300116188686093,15,10.0,4,3,1,4,1,0.0,0.0,0.3469387755102041,38,0
36.0,2,0.08062181259767026,14,15.0,2,9,5,4,0,0.0,0.0,0.3877551020408163,38,1
24.0,2,0.10766005736308558,15,10.0,4,7,3,4,1,0.0,0.0,0.3469387755102041,23,0
37.0,3,0.315075143475423,15,10.0,2,3,5,4,0,0.0,0.0,0.29591836734693877,26,0
60.0,2,0.10999331034837648,11,9.0,2,2,0,4,1,0.0,0.0,0.3979591836734694,38,1
31.0,2,0.14721296113231155,15,10.0,4,0,1,2,0,0.0,0.0,0.3979591836734694,38,0
32.0,3,0.12717244405203304,11,9.0,0,4,1,4,1,0.0,0.0,0.3979591836734694,38,0
68.0,2,0.11057154541785948,11,9.0,2,2,0,4,1,0.0,0.0,0.3979591836734694,38,1
25.0,2,0.2180433716927527,15,10.0,2,11,0,4,1,0.0,0.0,0.3979591836734694,38,1
49.0,2,0.16069315082591468,15,10.0,0,0,2,4,1,0.0,0.0,0.3469387755102041,38,0
34.0,2,0.14475512354188616,15,10.0,4,3,1,4,1,0.0,0.0,0.3979591836734694,38,0
29.0,2,0.16465412876089777,8,11.0,2,0,5,2,0,0.0,0.0,0.4489795918367347,38,1
25.0,2,0.20015193905104448,11,9.0,4,5,3,2,1,0.0,0.0,0.3979591836734694,38,0
32.0,2,0.10470929807408451,11,9.0,0,7,1,4,1,0.0,0.0,0.3979591836734694,38,0
29.0,2,0.11005086301922666,11,9.0,2,0,0,4,1,0.0,0.0,0.37755102040816324,38,0
61.0,2,0.14183280204318752,10,16.0,2,3,0,4,1,0.0,0.0,0.3979591836734694,38,0
39.0,2,0.11023300029521135,11,9.0,2,13,0,2,1,0.0,0.0,0.37755102040816324,38,1
42.0,2,0.17415979871461187,15,10.0,2,2,0,2,1,0.0,0.4366391184573003,0.5,38,0
21.0,2,0.16258290970053652,15,10.0,4,0,1,2,0,0.0,0.0,0.29591836734693877,38,0
46.0,2,0.2643488964783182,11,9.0,2,3,0,2,1,0.0,0.0,0.29591836734693877,38,0
46.0,2,0.21550699163387294,15,10.0,5,0,1,4,0,0.0,0.0,0.5510204081632653,38,0
58.0,2,0.11095884103816893,11,9.0,2,0,0,4,1,0.0,0.0,0.3979591836734694,38,1
38.0,2,0.10495169638190056,15,10.0,2,11,0,4,1,0.0,0.0,0.6020408163265306,38,1
35.0,2,0.03158152031135318,0,6.0,4,13,3,2,1,0.0,0.0,0.6020408163265306,38,0
29.0,2,0.12568555387336247,9,13.0,2,9,0,4,1,0.0,0.0,0.5510204081632653,38,1
19.0,2,0.08596811717452948,2,8.0,4,2,2,1,1,0.0,0.0,0.24489795918367346,38,0
30.0,4,0.06794329775449791,8,11.0,5,10,1,4,0,0.0,0.4331955922865014,0.29591836734693877,31,0
47.0,0,0.15534549206856488,9,13.0,2,1,0,4,1,0.0,0.45385674931129477,0.3979591836734694,38,1
63.0,2,0.15088685280328903,11,9.0,6,6,1,4,0,0.0,0.0,0.24489795918367346,38,0
47.0,5,0.17328432102744382,9,13.0,2,11,0,2,1,0.15024150241502415,0.0,0.3979591836734694,38,1
21.0,2,0.07339455131937805,15,10.0,4,7,3,4,1,0.0,0.0,0.3469387755102041,23,0
46.0,0,0.15227353362565577,4,3.0,4,7,1,4,0,0.0,0.0,0.6020408163265306,38,0
30.0,2,0.36556982560863643,12,14.0,4,7,3,4,0,0.0,0.0,0.23469387755102042,25,0
31.0,2,0.11234484477029036,11,9.0,2,0,0,4,1,0.0,0.0,0.3979591836734694,38,0
39.0,0,0.23953286189796522,11,9.0,2,6,0,4,1,0.0,0.0,0.5,38,0
33.0,2,0.10123243966448824,9,13.0,4,5,2,4,1,0.0,0.0,0.3979591836734694,38,0
29.0,2,0.11005086301922666,11,9.0,2,2,0,4,1,0.0,0.0,0.3979591836734694,38,0
27.0,2,0.22220747670132465,15,10.0,2,11,0,4,1,0.0,0.0,0.5510204081632653,38,0
32.0,2,0.24359743464047862,11,9.0,2,2,0,4,1,0.0,0.0,0.3979591836734694,38,1
63.0,2,0.011360220135580551,6,5.0,2,4,0,4,1,0.0,0.0,0.3979591836734694,38,0
21.0,2,0.11583389080430197,0,5.0,4,13,3,4,1,0.0,0.0,0.3979591836734694,38,0
62.0,4,0.10386699780893596,10,16.0,6,9,1,4,0,0.0,0.0,0.11224489795918367,38,0
40.0,2,0.11211057154541786,4,3.0,2,5,0,4,1,0.0,0.3838383838383838,0.3163265306122449,25,0
28.0,5,0.06296871572230633,9,13.0,4,3,3,4,1,0.0,0.0,0.5,38,0
23.0,2,0.022390697321701826,15,10.0,4,7,3,4,0,0.0,0.0,0.1326530612244898,1,0
26.0,2,0.03017994350358993,9,13.0,2,12,0,4,1,0.0,0.0,0.3979591836734694,38,0
22.0,2,0.060355824465708086,9,13.0,0,11,3,1,0,0.0,0.0,0.15306122448979592,38,0
20.0,2,0.10724703231345487,6,6.0,4,0,3,2,1,0.0,0.0,0.24489795918367346,38,0
24.0,2,0.1260755578546531,7,12.0,4,5,1,4,1,0.0,0.0,0.29591836734693877,38,0
29.0,2,0.0880826700105897,15,10.0,0,2,1,4,1,0.0,0.0,0.2755102040816326,32,0
39.0,0,0.04952982853366628,14,15.0,4,9,1,4,1,0.0,0.0,0.3979591836734694,38,0
35.0,4,0.09557061103332097,15,10.0,2,11,0,4,1,0.0,0.0,0.5,38,1
27.0,2,0.12924366311239427,11,9.0,4,11,1,4,0,0.0,0.0,0.5204081632653061,38,0
17.0,2,0.07670552261887674,0,6.0,4,11,3,4,0,0.0,0.0,0.05102040816326531,38,0
19.0,2,0.18451386274568218,15,10.0,4,0,3,4,0,0.0,0.0,0.29591836734693877,38,0
46.0,4,0.091479631771241,12,14.0,2,11,0,4,1,0.0,0.0,0.5,38,1
49.0,3,0.13517971329290654,11,9.0,2,3,0,4,1,0.15024150241502415,0.4366391184573003,0.6020408163265306,38,1
25.0,2,0.1325322904337982,11,9.0,4,2,3,4,1,0.0,0.0,0.3979591836734694,38,0
48.0,2,0.14804781340476184,11,9.0,5,9,2,4,1,0.01055010550105501,0.0,0.5,38,0
49.0,2,0.18842812145373983,8,11.0,2,13,0,4,1,0.0,0.0,0.3979591836734694,38,1
38.0,0,0.16885953627443281,11,9.0,2,6,0,4,1,0.0,0.0,0.5510204081632653,38,0
36.0,1,0.1174358863246729,12,14.0,0,9,4,4,0,0.0,0.0,0.6020408163265306,38,0
41.0,2,0.27892868073028243,9,13.0,2,3,5,4,0,0.0,0.0,0.3979591836734694,38,1
30.0,2,0.19159013289927335,9,13.0,2,9,0,4,1,0.0,0.0,0.5612244897959183,38,1
33.0,5,0.16893943292337776,11,9.0,0,0,1,4,1,0.0,0.0,0.19387755102040816,38,0
30.0,1,0.10629639760905893,11,9.0,2,10,0,2,1,0.0,0.0,0.37755102040816324,38,0
58.0,2,0.23195419078236423,11,9.0,0,2,4,4,1,0.0,0.0,0.4489795918367347,38,0
62.0,0,0.08623353655068562,11,9.0,6,11,1,4,0,0.0,0.0,0.35714285714285715,38,0
31.0,2,0.263299406598109,15,10.0,4,7,1,4,1,0.0,0.0,0.3979591836734694,25,0
31.0,2,0.032375747169085686,0,2.0,4,2,1,4,1,0.0,0.0,0.3979591836734694,38,0
51.0,2,0.122893910792006,12,14.0,2,3,0,4,1,0.0,0.0,0.6020408163265306,38,1
24.0,2,0.0469595939625217,8,11.0,2,9,5,4,0,0.07688076880768807,0.0,0.3979591836734694,38,1
56.0,2,0.05474477760293803,11,9.0,2,5,0,4,1,0.0,0.0,0.3979591836734694,38,0
24.0,2,0.14269406083520436,15,10.0,4,0,3,4,1,0.0,0.0,0.3979591836734694,38,0
17.0,2,0.1485590165399605,1,7.0,4,5,3,4,1,0.0,0.0,0.24489795918367346,28,0
28.0,2,0.13136972648262452,14,15.0,4,11,1,4,0,0.0,0.0,0.3979591836734694,38,0
21.0,5,0.09063530023535657,15,10.0,4,0,1,4,0,0.0,0.0,0.3979591836734694,38,0
56.0,2,0.16274676553989822,9,13.0,0,3,4,4,0,0.0,0.0,0.3979591836734694,38,0
31.0,2,0.06468107695266055,15,10.0,2,9,0,4,1,0.0,0.0,0.47959183673469385,38,0
43.0,2,0.050606402023687325,15,10.0,3,2,1,4,1,0.0,0.0,0.3979591836734694,38,0
22.0,2,0.29046223596865883,11,9.0,2,13,5,2,0,0.0,0.0,0.3979591836734694,38,0
53.0,2,0.06856622078017047,7,12.0,2,11,5,4,0,0.0,0.0,0.3979591836734694,38,0
61.0,5,0.011932361392855886,5,4.0,2,2,0,1,1,1.0,0.0,0.3979591836734694,34,1
57.0,2,0.3385099139553716,12,14.0,2,9,0,4,1,0.0,0.0,0.3979591836734694,38,0
42.0,2,0.09281282246422932,11,9.0,4,11,1,4,0,0.0,0.0,0.47959183673469385,38,0
42.0,2,0.09642239056190366,0,6.0,2,5,0,4,1,0.0,0.0,0.3979591836734694,38,0
22.0,2,0.0655958258740558,11,9.0,4,9,1,4,1,0.033250332503325035,0.0,0.3979591836734694,38,0
43.0,4,0.014722650293721749,7,12.0,2,2,0,4,1,0.0,0.0,0.6020408163265306,38,1
40.0,2,0.19795004157334106,15,10.0,2,2,0,4,1,0.0,0.0,0.5,38,0
37.0,2,0.14291614643566153,11,9.0,2,2,0,4,1,0.0,0.0,0.5510204081632653,38,0
21.0,5,0.01690220379333039,15,10.0,4,7,3,4,1,0.0,0.0,0.09183673469387756,23,0
21.0,2,0.11465236832626,9,13.0,4,11,3,2,1,0.0,0.0,0.29591836734693877,38,0
47.0,2,0.20170721534449,15,10.0,0,6,1,4,1,0.0,0.0,0.3979591836734694,38,0
28.0,2,0.02570843952365347,9,13.0,4,0,3,2,1,0.0,0.0,0.3979591836734694,38,0
38.0,4,0.19714091873021203,11,9.0,2,3,0,4,1,0.0,0.0,0.3979591836734694,38,1
21.0,2,0.0727912639108191,11,9.0,4,5,3,4,1,0.0,0.0,0.3979591836734694,38,0
58.0,2,0.05877888128441311,5,4.0,2,11,5,4,0,0.0,0.0,0.3979591836734694,38,0
31.0,2,0.011798297524287227,15,10.0,2,3,0,4,1,0.15024150241502415,0.0,0.5,38,1
28.0,4,0.1326365623315738,11,9.0,2,2,0,4,1,0.0,0.0,0.6530612244897959,38,1
26.0,2,0.08735412090665093,11,9.0,4,2,1,4,1,0.0,0.0,0.47959183673469385,38,0
46.0,2,0.23365910402002021,11,9.0,0,3,1,4,0,0.0,0.0,0.5,38,0
50.0,4,0.22327050838643978,11,9.0,2,11,0,4,1,0.0,0.0,0.5510204081632653,38,0
24.0,2,0.3893214743233837,11,9.0,4,5,1,4,1,0.024630246302463025,0.0,0.24489795918367346,38,0
39.0,2,0.1519735826469895,8,11.0,5,2,1,4,0,0.0,0.0,0.3979591836734694,21,0
31.0,2,0.2757497420286165,7,12.0,2,2,0,1,1,0.0,0.0,0.3979591836734694,29,1
61.0,2,0.10084582113442409,11,9.0,0,3,1,4,1,0.0,0.47084481175390264,0.3979591836734694,38,0
42.0,2,0.1609761745484485,15,10.0,0,2,4,4,1,0.0,0.0,0.3979591836734694,38,0
34.0,2,0.08641431964617972,12,14.0,2,9,5,4,0,0.0,0.0,0.5,38,0
26.0,3,0.020624845961969195,11,9.0,4,4,1,4,0,0.0,0.0,0.3979591836734694,38,0
63.0,2,0.15175488249775884,11,9.0,2,11,5,4,0,0.0,0.0,0.35714285714285715,38,0
47.0,1,0.007362679327351467,11,9.0,4,7,3,3,1,0.0,0.0,0.37755102040816324,38,0
62.0,2,0.13132233016545378,11,9.0,2,5,0,4,1,0.0,0.0,0.3979591836734694,38,0
39.0,2,0.05799548787060534,11,9.0,0,2,1,4,1,0.0,0.0,0.3979591836734694,38,0
36.0,2,0.10360631806449691,11,9.0,0,3,1,4,0,0.0,0.0,0.5,38,0
43.0,2,0.12363126206913362,12,14.0,2,3,0,4,1,0.0,0.0,0.6020408163265306,38,1
18.0,2,0.14611878329591282,1,7.0,4,5,3,4,1,0.0,0.0,0.35714285714285715,38,0
20.0,2,0.11788141170607783,6,6.0,4,7,3,4,1,0.0,0.0,0.5,38,0
32.0,2,0.10830532436685292,9,13.0,4,12,1,4,1,0.0,0.0,0.3979591836734694,38,0
37.0,4,0.2991973772232258,14,15.0,2,9,0,4,1,0.0,0.0,0.6020408163265306,8,1
57.0,1,0.08379465748712851,0,6.0,0,12,4,2,0,0.0,0.0,0.37755102040816324,38,0
34.0,2,0.03187402329732116,9,13.0,2,11,0,4,1,0.0,0.0,0.3979591836734694,38,0
31.0,2,0.1441870448260826,15,10.0,2,4,0,4,1,0.0,0.0,0.3979591836734694,38,0
21.0,5,0.08753016437042795,15,10.0,4,7,3,2,0,0.0,0.0,0.19387755102040816,38,0
62.0,0,0.07560592806051562,11,9.0,6,11,1,4,0,0.0,0.0,0.5,38,0
39.0,2,0.2916410500857196,8,11.0,2,12,5,4,0,0.0,0.0,0.3979591836734694,38,0
36.0,2,0.05807944706102208,11,9.0,2,6,0,4,1,0.0,0.0,0.3979591836734694,38,0
17.0,2,0.07308038144556059,0,6.0,4,11,3,4,0,0.0,0.0,0.05102040816326531,38,0
48.0,2,0.17716878776470843,11,9.0,0,0,4,4,0,0.0,0.0,0.4489795918367347,38,0
19.0,2,0.15210967778629406,11,9.0,4,11,1,4,1,0.0,0.0,0.3979591836734694,38,0
49.0,5,0.13073597001302723,15,10.0,5,3,4,4,0,0.0,0.0,0.3979591836734694,38,0
48.0,2,0.21597350681288205,11,9.0,5,6,1,2,1,0.0,0.0,0.3979591836734694,38,0
49.0,2,0.12835938325203736,9,13.0,0,3,2,4,1,0.0,0.0,0.5,38,1
32.0,2,0.10460908871778066,11,9.0,2,7,5,4,0,0.0,0.0,0.3979591836734694,38,0
42.0,2,0.015440365953735777,7,12.0,2,3,0,4,1,0.07298072980729807,0.0,0.5510204081632653,38,1
36.0,2,0.05807944706102208,11,9.0,0,2,1,4,1,0.0,0.0,0.3979591836734694,38,0
44.0,2,0.2534700875071433,11,9.0,6,2,4,4,1,0.0,0.0,0.3979591836734694,38,0
61.0,2,0.07190156732849981,14,15.0,2,9,0,4,1,0.0,0.0,0.5510204081632653,38,0
57.0,1,0.1699117345156232,12,14.0,2,9,0,4,1,0.0,0.0,0.3979591836734694,7,0
38.0,2,0.06902325669574544,11,9.0,2,6,0,4,1,0.0,0.0,0.3979591836734694,38,0
30.0,2,0.03506379544291181,9,13.0,2,11,0,4,1,0.0,0.0,0.3979591836734694,38,1
40.0,2,0.033549821654429386,9,13.0,0,3,1,4,0,0.27828278282782826,0.0,0.4489795918367347,38,1
59.0,2,0.08018373520896359,11,9.0,4,9,3,4,1,0.0,0.0,0.5,38,0
43.0,2,0.10376272591116034,8,11.0,5,3,1,4,1,0.0,0.0,0.4489795918367347,38,0
34.0,2,0.06725401988478633,9,13.0,4,3,1,4,0,0.0,0.0,0.5510204081632653,38,1
28.0,2,0.08749360149718195,11,9.0,4,2,3,4,1,0.0,0.0,0.5,38,0
45.0,2,0.05247449401045969,10,16.0,4,9,1,4,0,0.0,0.0,0.3979591836734694,1,0
58.0,2,0.23195419078236423,11,9.0,0,2,4,4,0,0.0,0.0,0.3979591836734694,38,0
67.0,4,0.015833078296007604,15,10.0,2,4,0,4,1,0.0,0.0,0.8469387755102041,38,0
38.0,2,0.26527854138511,15,10.0,2,0,5,1,0,0.0,0.0,0.37755102040816324,2,1
48.0,1,0.12627936201848727,9,13.0,0,3,4,4,0,0.0,0.0,0.3979591836734694,38,1
23.0,2,0.022390697321701826,11,9.0,0,2,3,4,1,0.0,0.0,0.19387755102040816,38,0
41.0,2,0.10894585173890317,9,13.0,2,2,0,4,1,0.0,0.0,0.3979591836734694,38,0
47.0,2,0.2236090535090879,15,10.0,2,6,0,4,1,0.0,0.0,0.5,38,0
43.0,2,0.1416906130916753,7,12.0,2,9,0,4,1,0.0,0.4331955922865014,0.3877551020408163,38,1
41.0,4,0.04649511005424847,9,13.0,2,9,5,4,0,0.0,0.0,0.07142857142857142,38,0
26.0,2,0.09579066536304225,9,13.0,4,3,1,4,0,0.0,0.0,0.3979591836734694,38,0
21.0,2,0.11105092531152923,15,10.0,4,7,1,4,0,0.0,0.0,0.3469387755102041,38,0
56.0,5,0.12505450576474636,15,10.0,2,0,0,4,1,0.0,0.0,0.3979591836734694,38,1
33.0,2,0.04751751632464581,9,13.0,2,3,0,4,1,0.0,0.0,0.3979591836734694,38,0
26.0,2,0.03017994350358993,9,13.0,4,12,3,2,0,0.0,0.0,0.3979591836734694,38,0
33.0,2,0.1306107083176474,15,10.0,4,0,1,4,1,0.0,0.0,0.3979591836734694,38,0
28.0,2,0.0597748810352439,15,10.0,0,11,1,4,0,0.0,0.0,0.3979591836734694,38,0
35.0,2,0.07046816727920764,11,9.0,4,4,3,4,1,0.0,0.0,0.3979591836734694,38,0
25.0,2,0.152664891787437,14,15.0,4,11,1,4,0,0.0,0.0,0.3979591836734694,38,0
